name,label,reason,decided
2aoboqvcq1hbnq46grvcc1tzbcdzjf7gzd0ro6km1042.jpg,keep,Good sample,True
2aoboqvcq2ebaxvn3ujutoe6pz8xgtjrhsnmwzie1043.jpg,reject-blur,Blurry,True
2aoboqvcq4n87imaefm9kwtyjvus1ee0fufqaf5s1048.jpg,keep,Good sample,True
2aoboqvcq60i8wa2oqgkfb7pcfm61rksaxkevwio1047.jpg,reject-blur,Blurry,True
2aoboqvcq77nxqjcdvt9nakhixmqelofac4fe19u1046.jpg,reject-blur,Blurry,True
2aoboqvcq8ytekklmmotyvewsttgcpdkso0ki3601045.jpg,reject-blur,Blurry,True
2aoboqvcq9bwqtzi9g74m0xtqz56ncalvaxzuqjg1068.jpg,reject-blur,Blurry,True
2aoboqvcq9otfkdyraqfj0ijih9uw7vpengn74nq1066.jpg,reject-blur,Blurry,True
2aoboqvcqarzj8pijgb2mqswcjhelhglctma42jo1072.jpg,keep,Good sample,True
2aoboqvcqazl1wlwabxqiw6pfhcy7g0ccommapbo1071.jpg,reject-blur,Blurry,True
2aoboqvcqbh2wpietveegqoczezgbz1ydvjtyxfy1070.jpg,keep,Good sample,True
2aoboqvcqbrntxi6ooizymr3sgwmirbegbgezc3e1069.jpg,reject-partial,Meter cut off / occluded,True
2aoboqvcsamdikhvveaslmduw5nrqaypf6ydbw1w1051.jpg,keep,Good sample,True
2aoboqvcsbtbq1l25bfe6rmdrmn3uwnaqrpjwfuk1060.jpg,keep,Good sample,True
2aoboqvcsc9gqbjce7uwapua32hbxudkh0xlrmm81059.jpg,reject-blur,Blurry,True
2aoboqvcsde80gdalws31bvnqtssfgsvjbxovmj61058.jpg,keep,Good sample,True
2aoboqvcse1mvpvl3xnnqclk2uiknm964ldllv6g1065.jpg,reject-blur,Blurry,True
2aoboqvcseemwxs9nwbgveoymhq892ycqktvo7sw1064.jpg,keep,Good sample,True
2aoboqvcsfg2fjo4bhh4sonrd9382eynahzz34c41063.jpg,reject-blur,Blurry,True
2aoboqvcshca28fxbqgalkxkquqqi0wy2knxyju81067.jpg,keep,Good sample,True
2aoboqvcsia32zrjxxpxpgremapcmuflf9ipw1zi1077.jpg,keep,Good sample,True
2aoboqvcsip7zfidymxyeaxcegeamxmdwqxbczau1076.jpg,keep,Good sample,True
2aoboqvcsjwntji9ctmbbjxujfnuzeh54jvpjszo1075.jpg,keep,Good sample,True
2aoboqvcsk6sibcjkehpvi81phiumnrltsxnfeko1074.jpg,reject-blur,Blurry,True
2aoboqvcskinnlz6w6etf1nbcdit2oaqnpminewm1081.jpg,keep,Good sample,True
2aoboqvcsm6bugqaldmgob8qjzczx25ly7dzpvoo1080.jpg,keep,Good sample,True
2aoboqvcsnadz5yatgnm5sl2gppofa0zexowcbry1079.jpg,reject-blur,Blurry,True
2aoboqvcsnzalmkqn8zplaqcfxsdikb1owxiyfp61084.jpg,keep,Good sample,True
2aoboqvcspyavujhbiqamwj5kkcwqvqo2cdrhegq1083.jpg,keep,Good sample,True
2aoboqvcsqzsijceselxwg7v3rytu3ui3u6iqoio1041.jpg,reject-blur,Blurry,True
2aoboqvcsrgw6skmp70wfqxzbzppwfke9glwefle1089.jpg,keep,Good sample,True
2aoboqvcssyxrypwhqs8rkquaaa1ablzr7oktjqs1088.jpg,keep,Good sample,True
2aoboqvcstebxkf9bt8gcqjr7anljw0q31cggga41044.jpg,reject-blur,Blurry,True
2aoboqvcsukwo0zluk6wpt4ke3tlwitdqfac8lxk1050.jpg,keep,Good sample,True
2aoboqvcsuvqfjykknw9s3rqv2bvwoamgxi0x2ei1087.jpg,reject-blur,Blurry,True
2aoboqvcsvnqkzym1lmv3oculgz1vofndqvinlle1049.jpg,keep,Good sample,True
2aoboqvcsvquv9kqvnszvcjuiqbfxytfctsww0cu1086.jpg,keep,Good sample,True
2aoboqvcsx7ekb7g985z86pszcx4vfne5wdhpc3s1085.jpg,keep,Good sample,True
2aoboqvcsxsmixyxfvppwvbwgg0wfrqf2segxssa1082.jpg,keep,Good sample,True
2aoboqvcsyysuajiljgoiaisi3ytqogsek4ejlso1078.jpg,keep,Good sample,True
2aoboqvcsz9hx47vs0ng5nwxvqt8usqtkaakhble1073.jpg,reject-blur,Blurry,True
2aoboqvct2iai92r0ocxxzofobvnmoxiziwacf041062.jpg,reject-blur,Blurry,True
2aoboqvct3dl1gwlnvgssg5toaesqpjy9xklpokg1061.jpg,keep,Good sample,True
2aoboqvct4mstrlai8znqcgvmstdxfm8vdbw0jxm1057.jpg,reject-blur,Blurry,True
2aoboqvct68xydbyo7fbqwubfqm3swubxz2jd1cm1056.jpg,keep,Good sample,True
2aoboqvct8djqxqsz0aiiwqxax7pdcosrvjmbipa1055.jpg,reject-partial,Meter cut off / occluded,True
2aoboqvct9ncjfdxeh2n49ik1ujpccdeff0wknju1054.jpg,keep,Good sample,True
2aoboqvctaiasgpy6caalzxr5x8fh4x2v8v5mwdq1052.jpg,keep,Good sample,True
2aoboqvctbfkufzsc2c9s9de7pcj3c0wehvomc6q1053.jpg,keep,Good sample,True
2aoboqvxa1znlddbprmpbbhjlyq05gb5nogwbpkm39.jpg,keep,Good sample,True
2aoboqvxa31aq9tpkcxltxqszttowrqpai8cmtyg5.jpg,keep,Good sample,True
2aoboqvxa31itf58n7c1igroorg2jfs3zavp8k5y8.jpg,keep,Good sample,True
2aoboqvxa34eafloap8fkfrl35wfdrmtoenne1fk9.jpg,reject-nometer,Not a meter,True
2aoboqvxa34hm6dwctcxsidyoj2zcsumvdkuehou10.jpg,keep,Good sample,True
2aoboqvxa37geycksg33busm5qlijmyovzdzftlq14.jpg,keep,Good sample,True
2aoboqvxa384ylcxukmy3hswkghjjb1jz5jxovmi12.jpg,keep,Good sample,True
2aoboqvxa3cgqgn6lyjpnlw4lowscg7w4pm8mbxa13.jpg,keep,Good sample,True
2aoboqvxa3coxtta0gqdzq6pce0srftxrn2yoqiy28.jpg,keep,Good sample,True
2aoboqvxa3d6kgqp40a4lu9keytjwin7plwezqus25.jpg,keep,Good sample,True
2aoboqvxa3eguaorryt9qxjmoxopx4xiajzhyawk19.jpg,keep,Good sample,True
2aoboqvxa3emxgdmzgfdovpcrezu1duejrodehxi21.jpg,keep,Good sample,True
2aoboqvxa3iebzujhxargardyg2m0diaqenaq2n616.jpg,keep,Good sample,True
2aoboqvxa3itxxvaq41h2jifjsvylfpwusgt9yiw20.jpg,keep,Good sample,True
2aoboqvxa3jspmxobdl1wvjrtgtkvceal3cpl7ri29.jpg,keep,Good sample,True
2aoboqvxa3jvgbuc6qddmqsuiqhnejj6yb2gghxy30.jpg,keep,Good sample,True
2aoboqvxa3nag3pcsrx59tslnhzrj09pcmwy8nzu31.jpg,keep,Good sample,True
2aoboqvxa3obvqjtxqg36fimacggqfrsrtumxpiy32.jpg,keep,Good sample,True
2aoboqvxa3q2h4sarr6sff5zk31lejmo2g5wrofc22.jpg,keep,Good sample,True
2aoboqvxa3r6ngip2shcslljkjk3ji5vnmefewx215.jpg,keep,Good sample,True
2aoboqvxa3szcpplnoxlmhz09ptrg50mejtqalkk26.jpg,keep,Good sample,True
2aoboqvxa3uiaqvhlz7c7lxxhssarcec4spppdoe23.jpg,keep,Good sample,True
2aoboqvxa3xdrrbxyr3q9lsgejb02gmm7hrhc7v224.jpg,keep,Good sample,True
2aoboqvxa3xopteoim2qcakyxovoenkqrp7zd5cy34.jpg,keep,Good sample,True
2aoboqvxa3z4c3rmdc8opbe8hmwypds215m4gsuq11.jpg,keep,Good sample,True
2aoboqvxa4844xlvcpmnnqbjfoprqq5mdcwl1vzw7.jpg,keep,Good sample,True
2aoboqvxa4844xlvcpmnnqd45iuhpicqvqduv1sg27.jpg,keep,Good sample,True
2aoboqvxa4844xlvcpmnnqzkohgvwd5xicovv1ao35.jpg,keep,Good sample,True
2aoboqvxa486vmhsi2ezebtnga9gxujmoihx1obk17.jpg,keep,Good sample,True
2aoboqvxa486vmhsi2ezebtx9pmihl7mwiy6c1q018.jpg,keep,Good sample,True
2aoboqvxa48c8swofk1tcz9fvvcse2u3wmgfrowa6.jpg,keep,Good sample,True
2aoboqvxa4bmpyrluhcqia1cqgeosgueebu5epgw4.jpg,keep,Good sample,True
2aoboqvxa4g59jiabraqg587uwdzpa1mfizvg25233.jpg,keep,Good sample,True
2aoboqvxa4ie7ldgzcahr99o6elkgo5vzgksoqoi3.jpg,keep,Good sample,True
2aoboqvxa4ixakkibh9obqolhrkhphzfrtbhucvo1.jpg,keep,Good sample,True
2aoboqvxa4u4ltaaak7ymwhpwmev0wsav0xfqinm36.jpg,reject-other,Other problem,True
2aoboqvxa4u4ltaaak7ymwkh36be916hu2ctu6zk2.jpg,keep,Good sample,True
2aoboqvxa4u9dxsvajsm3c6qhgx6m3meipogyzfm38.jpg,keep,Good sample,True
2aoboqvxa4whkwfzjeglvwqphofnl10vjm1pbxqg37.jpg,reject-dark,Too dark / unreadable,True
2aoboqvxrexccclczw2kmcsnxti3jkg2vmalpc1i991.jpg,reject-partial,Meter cut off / occluded,True
2aoboqvxrezegvivajugfj6ek7wgsx5hm9zxaijo994.jpg,reject-dark,Too dark / unreadable,True
2aoboqvxrf2x1wolsauja2zwas09tlzj309ow0tk996.jpg,keep,Good sample,True
2aoboqvxrf4zwfmtcymftzhtvr2gpn5uauvdtc7e995.jpg,keep,Good sample,True
2aoboqvxrf7dgle2tax9jrm3wuqdpgvy8w3upqpo992.jpg,keep,Good sample,True
2aoboqvxrf9kd84w4njsu3oxiuqk7tasv9j09rhi999.jpg,keep,Good sample,True
2aoboqvxrfccgojlzvpxuqm8rofd3pmqazxyacaa1009.jpg,reject-nometer,Not a meter,True
2aoboqvxrfcjzhyuvy2xrrprqyulmrtmavi1ixa41016.jpg,keep,Good sample,True
2aoboqvxrfcy6vhblpp87hssbmo6bz32zkw4thoi1001.jpg,keep,Good sample,True
2aoboqvxrfdgi2vl7oddzeqlnu4xhxpjyreplc3e1017.jpg,reject-partial,Meter cut off / occluded,True
2aoboqvxrfdwa0suojdnwpzolflj6vsg3ncygrmo997.jpg,keep,Good sample,True
2aoboqvxrffkoq8w59sh3dalxtvh0gimcaxssa401000.jpg,reject-blur,Blurry,True
2aoboqvxrffx2elzmzicf53pjwfipt5jz1n3leyq1015.jpg,reject-partial,Meter cut off / occluded,True
2aoboqvxrfgisljp83hmslhzpkwyrcuwv8xe8ttw1003.jpg,keep,Good sample,True
2aoboqvxrfhjgfunycetvxlkuxcm5ynyxvedgjqo1013.jpg,keep,Good sample,True
2aoboqvxrfjdhthd65sa0ltj49cxcgsohh6kwo0m1010.jpg,keep,Good sample,True
2aoboqvxrfl0mwjjwyaianv6pictztotxekvobnw993.jpg,keep,Good sample,True
2aoboqvxrfl3dlfh2bsu18nb7lxima1wk8y3vslq1005.jpg,keep,Good sample,True
2aoboqvxrflcx31d30xfou0xqhivpsvcd4awewoi998.jpg,keep,Good sample,True
2aoboqvxrflizjg8aijjmrc0sizleiuaia6accoq1004.jpg,keep,Good sample,True
2aoboqvxrfma9vtdqfquk2q98sx3f3hbnspwpmys1011.jpg,keep,Good sample,True
2aoboqvxrfmw2un3nxicv4uyydtjvtiumvkin59m1018.jpg,keep,Good sample,True
2aoboqvxrfojszlklhcrmoongqqs53pnlasqhera1007.jpg,keep,Good sample,True
2aoboqvxrfplx6ww9lq3z3p9wf0adj4viudcjsuc1023.jpg,keep,Good sample,True
2aoboqvxrfpmo8pop1busd7flwf0eghvdo9jubb61006.jpg,keep,Good sample,True
2aoboqvxrfreixiijjnevea1ffxm5xpc443xowqk1021.jpg,keep,Good sample,True
2aoboqvxrftclcnfu7umi5qnqa9ehfhsygqr933o1025.jpg,keep,Good sample,True
2aoboqvxrftdxhsigesjswzqt6qdwjpezjmpplak1002.jpg,keep,Good sample,True
2aoboqvxrftdxhsigesjsx21anvcpug7gqx3umk81008.jpg,keep,Good sample,True
2aoboqvxrftscl29ti01kjo9kglorr7bw2knrhbs1024.jpg,keep,Good sample,True
2aoboqvxrfurnaess5yf3ou0x4jgzpuzeg7lyh3a990.jpg,keep,Good sample,True
2aoboqvxrfw82d3vhpr0jeuchhqnj51rnt7s0t1c1022.jpg,keep,Good sample,True
2aoboqvxrfwg5ifekjfgynrilvyp1rhnr3siavsq1027.jpg,keep,Good sample,True
2aoboqvxrfx620k4yvn8ac1jfzupvtkjziwhv7ey1012.jpg,keep,Good sample,True
2aoboqvxrfzdonaxk8zrkoucuyyumor59slvreqm1014.jpg,reject-partial,Meter cut off / occluded,True
2aoboqvxrfzr8gvww8t9vggsfvcdoceqpzi2oevo1020.jpg,keep,Good sample,True
2aoboqvxrg1ollatgwai8x33ydreoquznylxwgbc1029.jpg,keep,Good sample,True
2aoboqvxrg2hxctrj0f0gzsll8m6elgi3ttxr2la1030.jpg,keep,Good sample,True
2aoboqvxrg5ycrp52woxcghpt4qcjh23wsghdsna1031.jpg,keep,Good sample,True
2aoboqvxrg9lp6ngknzodfsfurkokhdrzxpq0iji1033.jpg,keep,Good sample,True
2aoboqvxrg9wjqvmsv6fsivwaicdn2grqkox2iki1034.jpg,keep,Good sample,True
2aoboqvxrgaixrkwwea4l2xzczhqa494tieoxdq81032.jpg,keep,Good sample,True
2aoboqvxrgakddv9uzqajfwbkdjneepeuaslyjii1035.jpg,keep,Good sample,True
2aoboqvxrgdqoyj6fytg0iplyqicadmu7ltwce9y1028.jpg,keep,Good sample,True
2aoboqvxrggngavxqyrajafzsbp0l10lew5li86i1019.jpg,keep,Good sample,True
2aoboqvxrgh9ubl7uhvpckaqik5uzkiqvocfgdmw1036.jpg,keep,Good sample,True
2aoboqvxrghyzrx544hpvp0gdjrknimolsk23roy1037.jpg,keep,Good sample,True
2aoboqvxrgipkttfbltwd6wpx5dqydfyv76pubxo1039.jpg,reject-nometer,Not a meter,True
2aoboqvxrgixop4yeg8c1pwgrjfw1hzlhbo0fbm81038.jpg,keep,Good sample,True
2aoboqvxrvjlhrkcdmo6ddfmabpavt2ypycgvpaq1026.jpg,reject-blur,Blurry,True
2aoboqvxryzsabmvjkgdsoomegpr4j5xx3fsh9n6940.jpg,keep,Good sample,True
2aoboqvxs8wkn1wfve5lppatyi8jnzksqxtfgcwm989.jpg,reject-blur,Blurry,True
2aoboqvxscxnmi83zfausdxlf7hhhlvpbrveskwo941.jpg,keep,Good sample,True
2aoboqvxsd2squbasxbekknvlixuhdsx0q3cdctw942.jpg,keep,Good sample,True
2aoboqvxsd4jb6qzxigd0b0uukv587kclhcsm5q4943.jpg,keep,Good sample,True
2aoboqvxsd5fyp25chfdggvhcwk9pbgz805oovyc944.jpg,keep,Good sample,True
2aoboqvxsd7fcj3qihoxjsgoqyrbwu2nsudu8j0q948.jpg,keep,Good sample,True
2aoboqvxsda2l3ul21swfo1dsk4ohqi7g8t5tgao952.jpg,reject-partial,Meter cut off / occluded,True
2aoboqvxsda4lsqixeki68vx2tls1zlay9zem9jc946.jpg,reject-partial,Meter cut off / occluded,True
2aoboqvxsdcp76gpx9odzvcb4a9z3xhxwg2etmh6961.jpg,keep,Good sample,True
2aoboqvxsdd4t4grvgfsvexumo8udibzfxiiaaeq966.jpg,keep,Good sample,True
2aoboqvxsddnrwijlxmriadjkocivqc8m5gpmkc4951.jpg,keep,Good sample,True
2aoboqvxsddnrwijlxmriaettbogl0mongg9lbrk954.jpg,keep,Good sample,True
2aoboqvxsddxevzpybab3heb5q60bigfritreovs968.jpg,keep,Good sample,True
2aoboqvxsde5iraib5oqrzpsealzpf9ns39vfbsg957.jpg,keep,Good sample,True
2aoboqvxsdewttwt8n0x9hgcqycqcqluklotfgre955.jpg,reject-blur,Blurry,True
2aoboqvxsdiyyoalnna4ienmqcb1iogs97oztavk956.jpg,reject-nometer,Not a meter,True
2aoboqvxsdjf96sy4zvyjrlkknhbsfg29dlvs44u971.jpg,keep,Good sample,True
2aoboqvxsdjf96sy4zvyjroq6bfhwn7nsy2nesgw969.jpg,keep,Good sample,True
2aoboqvxsdkuemevdvrzswcu36o6miufb4rdrigm950.jpg,keep,Good sample,True
2aoboqvxsdlg43ckzpr9gcsumerfqxc7nrnanyhy949.jpg,keep,Good sample,True
2aoboqvxsdnaph2spkv59zbq9gvhhbbumctgiwxc965.jpg,reject-other,Other problem,True
2aoboqvxsdnt6odjtiivcytbwflibaeenb4fg3ac970.jpg,keep,Good sample,True
2aoboqvxsdohnjhwkp9rg9zxdm477suqbmeejj0i958.jpg,keep,Good sample,True
2aoboqvxsdqysyjvwrqwdi1e7nzt5pryzfowruws959.jpg,reject-blur,Blurry,True
2aoboqvxsdrnye5tvocxmmsv7jxtsufrcqtrgfrk960.jpg,keep,Good sample,True
2aoboqvxsdryriuumaothjhcfkz555l3c2xfpnhs967.jpg,reject-partial,Meter cut off / occluded,True
2aoboqvxsdszlccbkhvlmnbk3pwcgxg9kzls1rkm973.jpg,keep,Good sample,True
2aoboqvxsdtvfdixej1nehhgcjipkodiw6ivy5pi953.jpg,keep,Good sample,True
2aoboqvxsdujzqikgnlhg4hajzufpg7sllofplyi964.jpg,keep,Good sample,True
2aoboqvxsdv7t1pf3cjlehy9afdtoql23qxw4dlg974.jpg,keep,Good sample,True
2aoboqvxsdwjciqmgizaq6lt32swcetmyvgsrefu977.jpg,keep,Good sample,True
2aoboqvxsdxm49zgyeg5xjhghyaodloxyghpx20g962.jpg,keep,Good sample,True
2aoboqvxsdydaei1dduix906xzzlpmgjgrfnkhxc963.jpg,reject-other,Other problem,True
2aoboqvxsdz0in2lslgfnerj0zmzbczszsbp21ik975.jpg,keep,Good sample,True
2aoboqvxsdzmblwbpd8ooguuv75l5tuypvwnwxcc976.jpg,keep,Good sample,True
2aoboqvxse0ocamd2jtsd9luytbenfacmneh5utw972.jpg,keep,Good sample,True
2aoboqvxse1ty8meaqkhysxpvkzdgbgiek4svvbm978.jpg,keep,Good sample,True
2aoboqvxse4jskw7n4sz2rarg9r1yq9hvahpo4f2979.jpg,keep,Good sample,True
2aoboqvxse5mntabqorcyfscoi9dvtvkeozwpdj6980.jpg,keep,Good sample,True
2aoboqvxse6qohmayi4sd43ilvss9ypk461gsd20981.jpg,keep,Good sample,True
2aoboqvxse9ngjz1irdcwllqn4eqqjbhnisi8rby982.jpg,reject-other,Other problem,True
2aoboqvxseaovgssogmat6hulbvgxdgklroyy5dw947.jpg,keep,Good sample,True
2aoboqvxseaqwvpfttemjrzkebm6rgysvkleyrok983.jpg,keep,Good sample,True
2aoboqvxsed3aw8u56b40jsyp7kyatpee9ejyhkk985.jpg,reject-blur,Blurry,True
2aoboqvxsedkcgj8byioug6im2ojuhn06ad68ddo984.jpg,keep,Good sample,True
2aoboqvxsef8642zl6vbkbtsdglfgnyzihmtn41g945.jpg,keep,Good sample,True
2aoboqvxseixjxxyyaxobvzbwy01aklmkz59ktia987.jpg,keep,Good sample,True
2aoboqvxseiyuajj5s9utdsfgbhfbcaqzw4tkhys988.jpg,keep,Good sample,True
2aoboqvxsejd5vy06hp3xeovndq7hkzmsueuoh0i986.jpg,keep,Good sample,True
2aoboqvxsj8bysrzgnzuxblxcglou6tusosvosmy892.jpg,keep,Good sample,True
2aoboqvxsjc6tafj3rmv5bgpx0z4tzckc2ie6oyc893.jpg,keep,Good sample,True
2aoboqvxsjch1ci9nmlv8q9x4qutdhdrpb1lki6c905.jpg,keep,Good sample,True
2aoboqvxsjch1ci9nmlv8qanucpk6h32hx1aveg0907.jpg,keep,Good sample,True
2aoboqvxsjdqkunjvfjytu718minitiytuvk2a8m909.jpg,reject-blur,Blurry,True
2aoboqvxsjdvc8g4w53wazue32ue3azxsutjudfg910.jpg,keep,Good sample,True
2aoboqvxsjerzqrb142wqfxpi8eydzitatwcp92u911.jpg,keep,Good sample,True
2aoboqvxsjgbt2ajpsgmsegphzwshoymnhvhsyqm896.jpg,keep,Good sample,True
2aoboqvxsjios5g88mparespapepcoixgnhamjvq900.jpg,reject-other,Other problem,True
2aoboqvxsjlapoaskpgd5slxbmxoizgwhbhkrheq899.jpg,keep,Good sample,True
2aoboqvxsjmi6bazgaqjg52qd4mwam0igcsf2fbk912.jpg,keep,Good sample,True
2aoboqvxsjmi6bazgaqjg57lrlgwxkqcg8xdmnzg913.jpg,keep,Good sample,True
2aoboqvxsjmlo2qfr3umpzgg5b8okvvbknmboija898.jpg,keep,Good sample,True
2aoboqvxsjnukc0zkkkyyp0b8mxys7isw1mzs9gw915.jpg,reject-nometer,Not a meter,True
2aoboqvxsjnukc0zkkkyyp63hioj2eqiaqlkm1lq914.jpg,keep,Good sample,True
2aoboqvxsjo9hpjgabh9f53ghvf0qv5foikgimuu901.jpg,reject-other,Other problem,True
2aoboqvxsjocxoxoou3zktbu7dyibfvzfyekxdcc916.jpg,keep,Good sample,True
2aoboqvxsjomggiupjyl8ejhpbdaa059ll16qcfo918.jpg,keep,Good sample,True
2aoboqvxsjsaag8wt4sjdanaayrvp91qlawsqwls902.jpg,keep,Good sample,True
2aoboqvxsjsf2k1htud7jqd0c1x1ktsuoqnzpgci906.jpg,reject-dark,Too dark / unreadable,True
2aoboqvxsjskiibnczs9fzixzbtxsrdcrqb19nhs921.jpg,keep,Good sample,True
2aoboqvxsjt0viuh0m4pusirwnk2dwa3dqarc9sq903.jpg,reject-dark,Too dark / unreadable,True
2aoboqvxsjtgloqikgodemxkl86vpevunofmi8si917.jpg,keep,Good sample,True
2aoboqvxsjw0cukpyo00jxr8qdcbyueotbrgafjg919.jpg,keep,Good sample,True
2aoboqvxsjwwfazlwvmuilyyybftit7nbfowsagq920.jpg,keep,Good sample,True
2aoboqvxsjxamoismmj5obqnwtnsu8jf2gmvwzui908.jpg,reject-blur,Blurry,True
2aoboqvxsjxdddffrzbhewlqfx6lbdqpygn48ofs904.jpg,keep,Good sample,True
2aoboqvxsjzixvqggfq3ehlzvyoow2jwnsldvleo922.jpg,keep,Good sample,True
2aoboqvxsk0au091koegdh5gj1khinlx3suxbehs923.jpg,keep,Good sample,True
2aoboqvxsk1j1ps0vpznht1y6az1jtwg1owzptae924.jpg,keep,Good sample,True
2aoboqvxsk23frldumbqjs5dfogbykretg7hz3y0895.jpg,keep,Good sample,True
2aoboqvxsk2skh7b48xrswwhdhgiurn3x2ic0poa894.jpg,keep,Good sample,True
2aoboqvxsk48azfjamvytjgwb0na41fw1tvcetru927.jpg,keep,Good sample,True
2aoboqvxsk6giorwthjyle3dot6nvh6jirfbns6c926.jpg,keep,Good sample,True
2aoboqvxsk8rlmp0xd4zkosfrid3lhtqz84pa6yy928.jpg,keep,Good sample,True
2aoboqvxskboy1nbpuezvngtzxw11htnzhydpymm929.jpg,keep,Good sample,True
2aoboqvxskcwkokqtdyr7rtlssyyq61na9jjat5s930.jpg,keep,Good sample,True
2aoboqvxskelpeq2a3nkf53fm3zkubbdchihumty931.jpg,keep,Good sample,True
2aoboqvxskgn9l1adzd9qtvjil4lvvfusm9sr1xs932.jpg,keep,Good sample,True
2aoboqvxskj08o6ywubxpu5e17is7v8rtiqyf4im933.jpg,keep,Good sample,True
2aoboqvxskmemngekntiupwdo7nkqjs6mlibzhqa935.jpg,keep,Good sample,True
2aoboqvxskmgncccg0lulapou6l8umek17piox3a936.jpg,reject-dark,Too dark / unreadable,True
2aoboqvxskpwhom52etlp8ypsmcenmxjod71z5xq937.jpg,keep,Good sample,True
2aoboqvxskquljxo598rdreapshqiacbxviulsje938.jpg,keep,Good sample,True
2aoboqvxsks8vpvjdrqt61om8r8y5e1hfvodzras939.jpg,keep,Good sample,True
2aoboqvxsksdnto4ehaqmh3k84wrefgrjwqes8mw925.jpg,keep,Good sample,True
2aoboqvxskssop2lfwpzqixm49m2z10twygc2mgc934.jpg,keep,Good sample,True
2aoboqvxsku1hghvnpndccmiiyh3gi2xer9ywwkq897.jpg,keep,Good sample,True
2aoboqvxss4k1rudxpsp5hzjckxjcaew2vikjg64890.jpg,keep,Good sample,True
2aoboqvxsssahxcxsngs2w3xaxftmsrccila7wgc891.jpg,reject-nometer,Not a meter,True
2aoboqvxstlwmjmbmur4slexwxyyhfshwxvvjmpe1040.jpg,keep,Good sample,True
2aoboqvxtbjircuusumdpd70sugmrxpoidnf81om740.jpg,keep,Good sample,True
2aoboqvxtbjircuusumdpd70sugmrxpoidnf81om790.jpg,reject-dup,Duplicate / near-identical,True
2aoboqvxtcyegn6fbija8nyqgbfuypxhy3gtv7i0870.jpg,keep,Good sample,True
2aoboqvxtjdikafgroinjow8kibfcgufa5zkfzra840.jpg,keep,Good sample,True
2aoboqvxtjflfjcyccajcvuvmkly4a5dfhvhd85i843.jpg,keep,Good sample,True
2aoboqvxtjllr1gycxtxmutz2g969p16vgixz6vu841.jpg,keep,Good sample,True
2aoboqvxtjmcc3d9afvdecg9hnpletu6nvgg2d7g846.jpg,reject-dark,Too dark / unreadable,True
2aoboqvxtjojyqtclshxepet0hkfqphh8hdakzze844.jpg,keep,Good sample,True
2aoboqvxtjplypjdy931ssssgyfunloxshi57pjs848.jpg,keep,Good sample,True
2aoboqvxtjrekgvq870bz3xcger64omb86ln1cjc847.jpg,keep,Good sample,True
2aoboqvxtjsm73sfbqjdb7kbkvy9v3f9vorsvtcs850.jpg,keep,Good sample,True
2aoboqvxtjvdh2ckw0xznjigay5nhvidbodgaodo849.jpg,keep,Good sample,True
2aoboqvxtjves4yvti9g5r5vajmcrupglinqyah6852.jpg,keep,Good sample,True
2aoboqvxtjzvbdbpkvqv6azgqjdaalndqsjz4pzi854.jpg,keep,Good sample,True
2aoboqvxtjzvbdbpkvqv6azkwgjagamebj4bex84853.jpg,reject-partial,Meter cut off / occluded,True
2aoboqvxtk3cgrhserasrrqmtfiym4lpzpwd2q6y856.jpg,keep,Good sample,True
2aoboqvxtk4yeaiyjqz2hwws7awcnoqkyjbrqxoe857.jpg,keep,Good sample,True
2aoboqvxtk6tqqr8obop4syfxtmhiqhalq41t9kg851.jpg,reject-other,Other problem,True
2aoboqvxtk9mbrwyg2orymnfczl3cqd7xn25lksg859.jpg,keep,Good sample,True
2aoboqvxtkayqimykcigrwkrtkcnv5lpeax5tbl2858.jpg,keep,Good sample,True
2aoboqvxtkcidu9pqcmmi3i0dtrwyh8plxgvntfa860.jpg,keep,Good sample,True
2aoboqvxtkcurimt82chtvaizswx7lf2im1daxqs869.jpg,reject-nometer,Not a meter,True
2aoboqvxtkd9owvzxtyszlcpobhc1e7bvbxsdsuy861.jpg,keep,Good sample,True
2aoboqvxtkebsdgllycvc0eqtkiux5z7pujpdtpm876.jpg,keep,Good sample,True
2aoboqvxtkeh5jvhjfyzanv5sdq7ok1qudzgetgq879.jpg,reject-blur,Blurry,True
2aoboqvxtkfmnzaygoxg8lji0ba6nvh6vmefa9e8866.jpg,keep,Good sample,True
2aoboqvxtkhkpoxgzrjt0fwjpr6u7idoyizcw0wa881.jpg,reject-dark,Too dark / unreadable,True
2aoboqvxtkhlgrg8p7vjtpfrqt32vh7gptoeohbi862.jpg,keep,Good sample,True
2aoboqvxtkj0fh5ogvi01sgfu9mekhkmjvcilkjc880.jpg,reject-blur,Blurry,True
2aoboqvxtkkozuopq3umqy05sxoj6dabuvt9yoga882.jpg,keep,Good sample,True
2aoboqvxtkkrrle5awypascluny9odgs5u7rav5m863.jpg,keep,Good sample,True
2aoboqvxtkkzuqpodqn5pbcn867akf9zgk3qyyjm855.jpg,reject-partial,Meter cut off / occluded,True
2aoboqvxtklyn6i2p0wptn1upqlubbm6bdt1hgum875.jpg,keep,Good sample,True
2aoboqvxtkng9t8vadijtzxuj9otmoexkf749axs883.jpg,keep,Good sample,True
2aoboqvxtkokggrcq55k9psenhjele2f8xj7e9s4842.jpg,reject-blur,Blurry,True
2aoboqvxtkoupyd8qua5xb7pwxy4xavu4csjxbnq864.jpg,keep,Good sample,True
2aoboqvxtkrvjf8kbtsnx8benlmlvfh44kmnww2q865.jpg,reject-blur,Blurry,True
2aoboqvxtkrxj1lprqzyujrsx6hy4guqpbpbsqlm885.jpg,keep,Good sample,True
2aoboqvxtksb5d8lkqk2srvja5tzddos6dhxsiqw868.jpg,keep,Good sample,True
2aoboqvxtkuk1mckbb37qfb7s9un1tdstsckvrus884.jpg,keep,Good sample,True
2aoboqvxtkv2fbsruaxzvt0da8krrwhaybiqpots871.jpg,reject-other,Other problem,True
2aoboqvxtkvro9zzfkmycjriopusliokj3tdkjzw887.jpg,keep,Good sample,True
2aoboqvxtkvvr3azx52hdvnapf867bfdkd8stdnu872.jpg,keep,Good sample,True
2aoboqvxtkw8mcf3ap1l8ubb0msby8dw4mptenls845.jpg,reject-other,Other problem,True
2aoboqvxtky4ncexyflmaturufw7aidmoct3jvgi878.jpg,keep,Good sample,True
2aoboqvxtkyc1xywiu5nk8lsbwof38k2li81h2dq874.jpg,keep,Good sample,True
2aoboqvxtkymzzbn1z4nmxfbjpemb2r0mbkfuq8w877.jpg,keep,Good sample,True
2aoboqvxtkyofmbzzuksvagqijbfsuy4hmcc1aeg889.jpg,keep,Good sample,True
2aoboqvxtkzhnvznr0wcfrypvoztuwxedcmmcw9w873.jpg,reject-blur,Blurry,True
2aoboqvxtl0atmvebxhacswl75oyeuehjwv9t6jw867.jpg,keep,Good sample,True
2aoboqvxtl24v0hdjquqhhc8o0pxlodbxqbjmyfu886.jpg,keep,Good sample,True
2aoboqvxtl2cyvswmkjw5ziqh6d9jps8mrdlmxmk888.jpg,keep,Good sample,True
2aoboqvxtmzvriav5q6cgxhsrssklw3adocswu1o789.jpg,reject-other,Other problem,True
2aoboqvxtmzvriav5q6cgxhsrssklw3adocswu1o839.jpg,reject-dup,Duplicate / near-identical,True
2aoboqvxtopsy5ghxvpclg84d4rlgtkmrgktmnaa747.jpg,reject-other,Other problem,True
2aoboqvxtopsy5ghxvpclg84d4rlgtkmrgktmnaa797.jpg,reject-partial,Meter cut off / occluded,True
2aoboqvxtot61stmoxvhytk9emdb4mrgaju0sb2w742.jpg,keep,Good sample,True
2aoboqvxtot61stmoxvhytk9emdb4mrgaju0sb2w792.jpg,reject-dup,Duplicate / near-identical,True
2aoboqvxtouasggbwqixdhqdikgw6vnxjf3fun8s743.jpg,keep,Good sample,True
2aoboqvxtouasggbwqixdhqdikgw6vnxjf3fun8s793.jpg,reject-dup,Duplicate / near-identical,True
2aoboqvxtovvach53ur2lap5u66udbzsbypnogx6744.jpg,reject-dark,Too dark / unreadable,True
2aoboqvxtovvach53ur2lap5u66udbzsbypnogx6794.jpg,reject-dark,Too dark / unreadable,True
2aoboqvxtoxvewipj50mombdf0iyipddyyuseb5m750.jpg,keep,Good sample,True
2aoboqvxtoxvewipj50mombdf0iyipddyyuseb5m800.jpg,reject-dup,Duplicate / near-identical,True
2aoboqvxtp1ld2zz3qfv7obrseu5me355eutb8tc748.jpg,reject-blur,Blurry,True
2aoboqvxtp1ld2zz3qfv7obrseu5me355eutb8tc798.jpg,reject-dup,Duplicate / near-identical,True
2aoboqvxtp3bxepnibktneon8p78abt4f3nxyvj6746.jpg,reject-dark,Too dark / unreadable,True
2aoboqvxtp3bxepnibktneon8p78abt4f3nxyvj6796.jpg,reject-dup,Duplicate / near-identical,True
2aoboqvxtp65dq9gqgovysxaytg4msk5ccyrepxq749.jpg,keep,Good sample,True
2aoboqvxtp65dq9gqgovysxaytg4msk5ccyrepxq799.jpg,reject-dup,Duplicate / near-identical,True
2aoboqvxtp7un02uxkhombi54ojwcvwfgffcs9m8751.jpg,keep,Good sample,True
2aoboqvxtp7un02uxkhombi54ojwcvwfgffcs9m8801.jpg,reject-dup,Duplicate / near-identical,True
2aoboqvxtp7xyrlsaelgue36a4isdgd94lc4mssg752.jpg,keep,Good sample,True
2aoboqvxtp7xyrlsaelgue36a4isdgd94lc4mssg802.jpg,reject-dup,Duplicate / near-identical,True
2aoboqvxtpaf4vxrmhslsc9vetqnlnhlqrkvtx2w758.jpg,keep,Good sample,True
2aoboqvxtpaf4vxrmhslsc9vetqnlnhlqrkvtx2w808.jpg,reject-dup,Duplicate / near-identical,True
2aoboqvxtpcxjxcwehgbmvrv9ymsgwljhcwd4oei768.jpg,keep,Good sample,True
2aoboqvxtpcxjxcwehgbmvrv9ymsgwljhcwd4oei818.jpg,reject-dup,Duplicate / near-identical,True
2aoboqvxtpdh8ooo4ynzjra48dpxya1na3ltljfg756.jpg,keep,Good sample,True
2aoboqvxtpdh8ooo4ynzjra48dpxya1na3ltljfg806.jpg,reject-dup,Duplicate / near-identical,True
2aoboqvxtpe8ibsjkvukh2ihny50xeu1mwhstg7e771.jpg,keep,Good sample,True
2aoboqvxtpe8ibsjkvukh2ihny50xeu1mwhstg7e821.jpg,reject-dup,Duplicate / near-identical,True
2aoboqvxtpf1qkphbc64rjhrstwmaot7mefqcwxw753.jpg,keep,Good sample,True
2aoboqvxtpf1qkphbc64rjhrstwmaot7mefqcwxw803.jpg,reject-dup,Duplicate / near-identical,True
2aoboqvxtpgsbn5vqnb379s2edye7ltu2jttc2k0759.jpg,keep,Good sample,True
2aoboqvxtpgsbn5vqnb379s2edye7ltu2jttc2k0809.jpg,reject-dup,Duplicate / near-identical,True
2aoboqvxtphjl9j16kho4l4bcmnnwwcb4ekb7mgm769.jpg,keep,Good sample,True
2aoboqvxtphjl9j16kho4l4bcmnnwwcb4ekb7mgm819.jpg,reject-dup,Duplicate / near-identical,True
2aoboqvxtphpnpxwe1ei2igwmbcufj2maismxur2770.jpg,reject-blur,Blurry,True
2aoboqvxtphpnpxwe1ei2igwmbcufj2maismxur2820.jpg,reject-dup,Duplicate / near-identical,True
2aoboqvxtpiposat0ksbk0osphaaczjs6jjykk9q760.jpg,keep,Good sample,True
2aoboqvxtpiposat0ksbk0osphaaczjs6jjykk9q810.jpg,reject-dup,Duplicate / near-identical,True
2aoboqvxtpjn0v2toplqfzalwtczqn8rzn8bggsc765.jpg,keep,Good sample,True
2aoboqvxtpjn0v2toplqfzalwtczqn8rzn8bggsc815.jpg,reject-dup,Duplicate / near-identical,True
2aoboqvxtpjtylvrmkmjusuzr31a9cuodufahgai772.jpg,keep,Good sample,True
2aoboqvxtpjtylvrmkmjusuzr31a9cuodufahgai822.jpg,reject-dup,Duplicate / near-identical,True
2aoboqvxtpkbhqxwf6dcjbbubd5vcdqmxj9eoups754.jpg,keep,Good sample,True
2aoboqvxtpkbhqxwf6dcjbbubd5vcdqmxj9eoups804.jpg,reject-dup,Duplicate / near-identical,True
2aoboqvxtplogtjhgxj7tczx2r9l3caxjvwtvlwm757.jpg,keep,Good sample,True
2aoboqvxtplogtjhgxj7tczx2r9l3caxjvwtvlwm807.jpg,reject-dup,Duplicate / near-identical,True
2aoboqvxtpmd1794ic31uzymdhmf1fpd0rusnfe8761.jpg,keep,Good sample,True
2aoboqvxtpmd1794ic31uzymdhmf1fpd0rusnfe8811.jpg,reject-dup,Duplicate / near-identical,True
2aoboqvxtpmjsxfkyyuayr3qnh3olp9chredpdve773.jpg,keep,Good sample,True
2aoboqvxtpmjsxfkyyuayr3qnh3olp9chredpdve823.jpg,reject-dup,Duplicate / near-identical,True
2aoboqvxtpnrfkc9cidbkv8u5syj5zdrwdfjhxpk774.jpg,keep,Good sample,True
2aoboqvxtpnrfkc9cidbkv8u5syj5zdrwdfjhxpk824.jpg,reject-dup,Duplicate / near-identical,True
2aoboqvxtpprfwik6vknqlaryfr5nbganenn7tls762.jpg,keep,Good sample,True
2aoboqvxtpprfwik6vknqlaryfr5nbganenn7tls812.jpg,reject-dup,Duplicate / near-identical,True
2aoboqvxtppw7ab57l5b71ifbkbivkxggosvdzzi755.jpg,keep,Good sample,True
2aoboqvxtppw7ab57l5b71ifbkbivkxggosvdzzi805.jpg,reject-dup,Duplicate / near-identical,True
2aoboqvxtprcmd0xwexwnhntgjahk7sf36mu9n4k775.jpg,reject-nometer,Not a meter,True
2aoboqvxtprcmd0xwexwnhntgjahk7sf36mu9n4k825.jpg,reject-dup,Duplicate / near-identical,True
2aoboqvxtprdxfmitwa34zcjeg3v2huneoztbikq777.jpg,reject-other,Other problem,True
2aoboqvxtprdxfmitwa34zcjeg3v2huneoztbikq827.jpg,reject-dup,Duplicate / near-identical,True
2aoboqvxtpsuzc9tn7vhgduvh9tydvdih9anjy0m764.jpg,reject-blur,Blurry,True
2aoboqvxtpsuzc9tn7vhgduvh9tydvdih9anjy0m814.jpg,reject-dup,Duplicate / near-identical,True
2aoboqvxtptjjpzgpcfbi0xvpqtjzp3sazreevsg763.jpg,keep,Good sample,True
2aoboqvxtptjjpzgpcfbi0xvpqtjzp3sazreevsg813.jpg,reject-dup,Duplicate / near-identical,True
2aoboqvxtpu5ygpgtljqaksablshxvg8vwoyu3g4745.jpg,keep,Good sample,True
2aoboqvxtpu5ygpgtljqaksablshxvg8vwoyu3g4795.jpg,reject-dup,Duplicate / near-identical,True
2aoboqvxtpv82nashpx3cz8ytgi1lrodhokn6728741.jpg,keep,Good sample,True
2aoboqvxtpv82nashpx3cz8ytgi1lrodhokn6728791.jpg,reject-dup,Duplicate / near-identical,True
2aoboqvxtpwatojm9m3ykc1i7sbmw6sajutwxduo767.jpg,keep,Good sample,True
2aoboqvxtpwatojm9m3ykc1i7sbmw6sajutwxduo817.jpg,reject-dup,Duplicate / near-identical,True
2aoboqvxtpwodhekvlxgvtjovkttl45afx6cdwy4778.jpg,keep,Good sample,True
2aoboqvxtpwodhekvlxgvtjovkttl45afx6cdwy4828.jpg,reject-dup,Duplicate / near-identical,True
2aoboqvxtpxhpyxixq1ydwvh812ozajzka3dyooc779.jpg,keep,Good sample,True
2aoboqvxtpxhpyxixq1ydwvh812ozajzka3dyooc829.jpg,reject-dup,Duplicate / near-identical,True
2aoboqvxtpyzhvktr1ncpanohqf9eiqnqhm8f7xk766.jpg,keep,Good sample,True
2aoboqvxtpyzhvktr1ncpanohqf9eiqnqhm8f7xk816.jpg,reject-dup,Duplicate / near-identical,True
2aoboqvxtpzzgfvshakjsmvxf2cul2nizvsdj1rq780.jpg,keep,Good sample,True
2aoboqvxtpzzgfvshakjsmvxf2cul2nizvsdj1rq830.jpg,reject-dup,Duplicate / near-identical,True
2aoboqvxtq0td9abgwr8ixa7opyhbpaztt6vedqk781.jpg,keep,Good sample,True
2aoboqvxtq0td9abgwr8ixa7opyhbpaztt6vedqk831.jpg,reject-dup,Duplicate / near-identical,True
2aoboqvxtq3z31bxv3s7hsb8gurlborrkwottzga776.jpg,reject-nometer,Not a meter,True
2aoboqvxtq3z31bxv3s7hsb8gurlborrkwottzga826.jpg,reject-dup,Duplicate / near-identical,True
2aoboqvxtq49xlje3ayzmvdla1pvyj2cevlpayts785.jpg,keep,Good sample,True
2aoboqvxtq49xlje3ayzmvdla1pvyj2cevlpayts835.jpg,reject-dup,Duplicate / near-identical,True
2aoboqvxtq7aqcepoahhmskucb5m8ltajaa7szdm783.jpg,keep,Good sample,True
2aoboqvxtq7aqcepoahhmskucb5m8ltajaa7szdm833.jpg,reject-dup,Duplicate / near-identical,True
2aoboqvxtq7qcafhmh8wic5cxq385srfufjewpbu786.jpg,reject-nometer,Not a meter,True
2aoboqvxtq7qcafhmh8wic5cxq385srfufjewpbu836.jpg,reject-dup,Duplicate / near-identical,True
2aoboqvxtqbbjsdfgd3hkyflzmtyzr4l1ecvsydu788.jpg,keep,Good sample,True
2aoboqvxtqbbjsdfgd3hkyflzmtyzr4l1ecvsydu838.jpg,reject-dup,Duplicate / near-identical,True
2aoboqvxtqbfq4ag9lbz9waqxcfzwqrc1mehw6ws784.jpg,reject-nometer,Not a meter,True
2aoboqvxtqbfq4ag9lbz9waqxcfzwqrc1mehw6ws834.jpg,reject-dup,Duplicate / near-identical,True
2aoboqvxtqcp8vpqi49cv057juckb0etk31p76ja787.jpg,keep,Good sample,True
2aoboqvxtqcp8vpqi49cv057juckb0etk31p76ja837.jpg,reject-dup,Duplicate / near-identical,True
2aoboqvxtqddt9fdk8t7mn6qxpluncrvcarmblzm782.jpg,keep,Good sample,True
2aoboqvxtqddt9fdk8t7mn6qxpluncrvcarmblzm832.jpg,reject-dup,Duplicate / near-identical,True
2aoboqvxu0xpsmzte2ynp4zbcd0gm4dggnwntedu640.jpg,keep,Good sample,True
2aoboqvxu0xpsmzte2ynp4zbcd0gm4dggnwntedu690.jpg,reject-dup,Duplicate / near-identical,True
2aoboqvxu1ucmdodum4op9gycveu4frfgzznkek4641.jpg,reject-blur,Blurry,True
2aoboqvxu1ucmdodum4op9gycveu4frfgzznkek4691.jpg,reject-dup,Duplicate / near-identical,True
2aoboqvxua0zwfsybrbigc9mznw1pwuifkr6xyk4551.jpg,keep,Good sample,True
2aoboqvxua0zwfsybrbigc9mznw1pwuifkr6xyk4601.jpg,reject-dup,Duplicate / near-identical,True
2aoboqvxua3dglk7s3mcwuawawg16i29qqghfl4k553.jpg,keep,Good sample,True
2aoboqvxua3dglk7s3mcwuawawg16i29qqghfl4k603.jpg,reject-dup,Duplicate / near-identical,True
2aoboqvxua4ew7nyxs5atfqlpr0mqc1pmcgs7ely555.jpg,keep,Good sample,True
2aoboqvxua4ew7nyxs5atfqlpr0mqc1pmcgs7ely605.jpg,reject-dup,Duplicate / near-identical,True
2aoboqvxua6ysbmleherhystqfxjaamuzllpyxx2556.jpg,keep,Good sample,True
2aoboqvxua6ysbmleherhystqfxjaamuzllpyxx2606.jpg,reject-dup,Duplicate / near-identical,True
2aoboqvxua9u9bcbrzb5j7xzik1zg0irsdlo8rh2557.jpg,keep,Good sample,True
2aoboqvxua9u9bcbrzb5j7xzik1zg0irsdlo8rh2607.jpg,reject-dup,Duplicate / near-identical,True
2aoboqvxuaahcmjweozyrlikrzktv4jglpbpg6gu568.jpg,keep,Good sample,True
2aoboqvxuaahcmjweozyrlikrzktv4jglpbpg6gu618.jpg,reject-dup,Duplicate / near-identical,True
2aoboqvxuact1dbphm1bskb98otbsnvosakk6k1q558.jpg,keep,Good sample,True
2aoboqvxuact1dbphm1bskb98otbsnvosakk6k1q608.jpg,reject-dup,Duplicate / near-identical,True
2aoboqvxuacx2elisw0yggeugrtdytjpjn7ye7xw571.jpg,keep,Good sample,True
2aoboqvxuacx2elisw0yggeugrtdytjpjn7ye7xw621.jpg,reject-dup,Duplicate / near-identical,True
2aoboqvxuadi6sxnh8ncbp2jrvnurfn449aeuqyc554.jpg,keep,Good sample,True
2aoboqvxuadi6sxnh8ncbp2jrvnurfn449aeuqyc604.jpg,reject-dup,Duplicate / near-identical,True
2aoboqvxuadxsqxopferxynqjpfubvnjzvh5fzim560.jpg,keep,Good sample,True
2aoboqvxuadxsqxopferxynqjpfubvnjzvh5fzim610.jpg,reject-dup,Duplicate / near-identical,True
2aoboqvxuadyhbf9ykjwd1zxcl5irxmwy4vz73fw573.jpg,keep,Good sample,True
2aoboqvxuadyhbf9ykjwd1zxcl5irxmwy4vz73fw623.jpg,reject-dup,Duplicate / near-identical,True
2aoboqvxuafocduyd5ousrquohsotytx5bonqi0g569.jpg,keep,Good sample,True
2aoboqvxuafocduyd5ousrquohsotytx5bonqi0g619.jpg,reject-dup,Duplicate / near-identical,True
2aoboqvxuagp2phuzp2oa9wb9m7vyzwfjrx1t6qa559.jpg,keep,Good sample,True
2aoboqvxuagp2phuzp2oa9wb9m7vyzwfjrx1t6qa609.jpg,reject-dup,Duplicate / near-identical,True
2aoboqvxuagp6xcelcvmxvipw9ngknykugj3phaw562.jpg,keep,Good sample,True
2aoboqvxuagp6xcelcvmxvipw9ngknykugj3phaw612.jpg,reject-dup,Duplicate / near-identical,True
2aoboqvxuaip6jipfpcydljl4b7key1n232crrrw564.jpg,keep,Good sample,True
2aoboqvxuaip6jipfpcydljl4b7key1n232crrrw614.jpg,reject-dup,Duplicate / near-identical,True
2aoboqvxuajj7lii0zbv0rfxlmh4yverbd8xl83k574.jpg,keep,Good sample,True
2aoboqvxuajj7lii0zbv0rfxlmh4yverbd8xl83k624.jpg,reject-dup,Duplicate / near-identical,True
2aoboqvxuak0u8fx4jkwcvsuxaoc2pkd8w58tgqm570.jpg,keep,Good sample,True
2aoboqvxuak0u8fx4jkwcvsuxaoc2pkd8w58tgqm620.jpg,reject-dup,Duplicate / near-identical,True
2aoboqvxuakh78yqs5xcroser2ks3bqovvfj1zpu547.jpg,keep,Good sample,True
2aoboqvxuakh78yqs5xcroser2ks3bqovvfj1zpu597.jpg,reject-dup,Duplicate / near-identical,True
2aoboqvxuakh78yqs5xcroypkomdixiyb5nshrto566.jpg,keep,Good sample,True
2aoboqvxuakh78yqs5xcroypkomdixiyb5nshrto616.jpg,reject-dup,Duplicate / near-identical,True
2aoboqvxuamq3i2pjgggzcwoiii4jpjncvnjbypi572.jpg,reject-other,Other problem,True
2aoboqvxuamq3i2pjgggzcwoiii4jpjncvnjbypi622.jpg,reject-dup,Duplicate / near-identical,True
2aoboqvxuap4i7ir065a6pnnenwa3xqvxgqtjx7a577.jpg,keep,Good sample,True
2aoboqvxuap4i7ir065a6pnnenwa3xqvxgqtjx7a627.jpg,reject-dup,Duplicate / near-identical,True
2aoboqvxuapiuj5nifq4uxolxx66yvgz9iqgwcwc542.jpg,keep,Good sample,True
2aoboqvxuapiuj5nifq4uxolxx66yvgz9iqgwcwc592.jpg,reject-dup,Duplicate / near-identical,True
2aoboqvxuapkv81knsiglieob5owkuntp7yuyb0q540.jpg,reject-dark,Too dark / unreadable,True
2aoboqvxuapkv81knsiglieob5owkuntp7yuyb0q590.jpg,reject-dup,Duplicate / near-identical,True
2aoboqvxuapoahft1l56r6rhaivhgwiiyuf7ycbe576.jpg,keep,Good sample,True
2aoboqvxuapoahft1l56r6rhaivhgwiiyuf7ycbe626.jpg,reject-dup,Duplicate / near-identical,True
2aoboqvxuas2lozuxd1rayenqfpxao7wlf1no3pm561.jpg,reject-other,Other problem,True
2aoboqvxuas2lozuxd1rayenqfpxao7wlf1no3pm611.jpg,reject-dup,Duplicate / near-identical,True
2aoboqvxuasfgy3yax0v5x1wu8kqylv0chwzpg76567.jpg,keep,Good sample,True
2aoboqvxuasfgy3yax0v5x1wu8kqylv0chwzpg76617.jpg,reject-dup,Duplicate / near-identical,True
2aoboqvxuaswmqznin0oo4gv9wgctpp7mueaxpo0575.jpg,keep,Good sample,True
2aoboqvxuaswmqznin0oo4gv9wgctpp7mueaxpo0625.jpg,reject-dup,Duplicate / near-identical,True
2aoboqvxuasxxsvxpecufmbmthh2kmeacf9y7vm8580.jpg,keep,Good sample,True
2aoboqvxuasxxsvxpecufmbmthh2kmeacf9y7vm8630.jpg,reject-dup,Duplicate / near-identical,True
2aoboqvxuavmgcjg4byfs3ffdfxjyzb74bi538d2578.jpg,keep,Good sample,True
2aoboqvxuavmgcjg4byfs3ffdfxjyzb74bi538d2628.jpg,reject-dup,Duplicate / near-identical,True
2aoboqvxuawnvzd7a0hdoozfpqoriu2lhxu8jbik579.jpg,keep,Good sample,True
2aoboqvxuawnvzd7a0hdoozfpqoriu2lhxu8jbik629.jpg,reject-dup,Duplicate / near-identical,True
2aoboqvxuays2mps7l6gtcyh3xauspsuhnosnwto563.jpg,keep,Good sample,True
2aoboqvxuays2mps7l6gtcyh3xauspsuhnosnwto613.jpg,reject-dup,Duplicate / near-identical,True
2aoboqvxuazpffiiuzzvoljhhmamybboodwoutn6581.jpg,keep,Good sample,True
2aoboqvxuazpffiiuzzvoljhhmamybboodwoutn6631.jpg,reject-dup,Duplicate / near-identical,True
2aoboqvxub0pjzpzt6gn3pc426vpxuwtmt4ennau582.jpg,keep,Good sample,True
2aoboqvxub0pjzpzt6gn3pc426vpxuwtmt4ennau632.jpg,reject-dup,Duplicate / near-identical,True
2aoboqvxub3mbcsqdgf7n6bi91p4ay5tvrnkquks565.jpg,keep,Good sample,True
2aoboqvxub3mbcsqdgf7n6bi91p4ay5tvrnkquks615.jpg,reject-dup,Duplicate / near-identical,True
2aoboqvxub4bgsenn2b86bmt31agnhknaecbzuvm584.jpg,keep,Good sample,True
2aoboqvxub4bgsenn2b86bmt31agnhknaecbzuvm634.jpg,reject-dup,Duplicate / near-identical,True
2aoboqvxub7atw9ma6dkxvuo4vssgbqhosgezvnu586.jpg,keep,Good sample,True
2aoboqvxub7atw9ma6dkxvuo4vssgbqhosgezvnu636.jpg,reject-dup,Duplicate / near-identical,True
2aoboqvxub7czijzy1tq68wxkhc4bj7uukaxv7am583.jpg,keep,Good sample,True
2aoboqvxub7czijzy1tq68wxkhc4bj7uukaxv7am633.jpg,reject-dup,Duplicate / near-identical,True
2aoboqvxubbfto4mvhxckyssyafzbjmfnaor6i4o589.jpg,keep,Good sample,True
2aoboqvxubbfto4mvhxckyssyafzbjmfnaor6i4o639.jpg,reject-dup,Duplicate / near-identical,True
2aoboqvxubbmqoxku2y5zrhrvgatubfnm9vjcqac588.jpg,keep,Good sample,True
2aoboqvxubbmqoxku2y5zrhrvgatubfnm9vjcqac638.jpg,reject-dup,Duplicate / near-identical,True
2aoboqvxubc1mmycszpkvavmph9w1fbstdjiokti585.jpg,reject-other,Other problem,True
2aoboqvxubc1mmycszpkvavmph9w1fbstdjiokti635.jpg,reject-dup,Duplicate / near-identical,True
2aoboqvxubcq6zxzue9fmxwgy1a9b7z21gmsdfzm587.jpg,reject-blur,Blurry,True
2aoboqvxubcq6zxzue9fmxwgy1a9b7z21gmsdfzm637.jpg,reject-dup,Duplicate / near-identical,True
2aoboqvxuhbdlurla3dy5gqjl4z7n8xt2nn8bnei642.jpg,keep,Good sample,True
2aoboqvxuhbdlurla3dy5gqjl4z7n8xt2nn8bnei692.jpg,reject-dup,Duplicate / near-identical,True
2aoboqvxuhbs08rcmglfxticnlfbd3rucsivfsug655.jpg,keep,Good sample,True
2aoboqvxuhbs08rcmglfxticnlfbd3rucsivfsug705.jpg,reject-dup,Duplicate / near-identical,True
2aoboqvxuhc03dcvpaalmbsob8jzxflrncechnga652.jpg,keep,Good sample,True
2aoboqvxuhc03dcvpaalmbsob8jzxflrncechnga702.jpg,reject-dup,Duplicate / near-identical,True
2aoboqvxuhend0mioaplbhtfrmbwfwaae8ntizqu646.jpg,keep,Good sample,True
2aoboqvxuhend0mioaplbhtfrmbwfwaae8ntizqu696.jpg,reject-dup,Duplicate / near-identical,True
2aoboqvxuhfikwnbve7psjpav3nsa7ywqt5uakfe644.jpg,reject-other,Other problem,True
2aoboqvxuhfikwnbve7psjpav3nsa7ywqt5uakfe694.jpg,reject-dup,Duplicate / near-identical,True
2aoboqvxuhfngib77rklxb3bifcwijpzshhijsgo657.jpg,reject-dark,Too dark / unreadable,True
2aoboqvxuhfngib77rklxb3bifcwijpzshhijsgo707.jpg,reject-dup,Duplicate / near-identical,True
2aoboqvxuhfssyq2f97fvymvamuksfybmltdmwik658.jpg,reject-dark,Too dark / unreadable,True
2aoboqvxuhfssyq2f97fvymvamuksfybmltdmwik708.jpg,reject-dup,Duplicate / near-identical,True
2aoboqvxuhh7uwgq37aigsn3hxjmru78f7sexpe0645.jpg,keep,Good sample,True
2aoboqvxuhh7uwgq37aigsn3hxjmru78f7sexpe0695.jpg,reject-dup,Duplicate / near-identical,True
2aoboqvxuhieqhkmrbyizmbu4dg5r8pfbcu6c8q8661.jpg,reject-dark,Too dark / unreadable,True
2aoboqvxuhieqhkmrbyizmbu4dg5r8pfbcu6c8q8711.jpg,reject-dup,Duplicate / near-identical,True
2aoboqvxuhii28dku630hpoumvgqso5ztwzrfx7a659.jpg,reject-dark,Too dark / unreadable,True
2aoboqvxuhii28dku630hpoumvgqso5ztwzrfx7a709.jpg,reject-dup,Duplicate / near-identical,True
2aoboqvxuhixu6auab3af0bdeydknoyaivswl9ao648.jpg,keep,Good sample,True
2aoboqvxuhixu6auab3af0bdeydknoyaivswl9ao698.jpg,reject-dup,Duplicate / near-identical,True
2aoboqvxuhkvse1bsgnf9zetw5hh5pueukavzpk4643.jpg,keep,Good sample,True
2aoboqvxuhkvse1bsgnf9zetw5hh5pueukavzpk4693.jpg,reject-dup,Duplicate / near-identical,True
2aoboqvxuhnuonvajqgjgwxx4dp4c5buyenprzre664.jpg,reject-blur,Blurry,True
2aoboqvxuhnuonvajqgjgwxx4dp4c5buyenprzre714.jpg,reject-dup,Duplicate / near-identical,True
2aoboqvxuhnuonvajqgjgwynlxh2hgy73xqhe0wk667.jpg,reject-blur,Blurry,True
2aoboqvxuhnuonvajqgjgwynlxh2hgy73xqhe0wk717.jpg,reject-dup,Duplicate / near-identical,True
2aoboqvxuhnuonvajqgjgx4ujpt1aq54uvxfozws660.jpg,reject-dark,Too dark / unreadable,True
2aoboqvxuhnuonvajqgjgx4ujpt1aq54uvxfozws710.jpg,reject-dup,Duplicate / near-identical,True
2aoboqvxuhp3iutpj49imxfysdzohfhtmclzpp2w649.jpg,keep,Good sample,True
2aoboqvxuhp3iutpj49imxfysdzohfhtmclzpp2w699.jpg,reject-dup,Duplicate / near-identical,True
2aoboqvxuhq7nqaz2lf7fx7fxgj44kaz8usv0lo0662.jpg,reject-nometer,Not a meter,True
2aoboqvxuhq7nqaz2lf7fx7fxgj44kaz8usv0lo0712.jpg,reject-dup,Duplicate / near-identical,True
2aoboqvxuhqss4n3qxcbb60dlbk4zzfb9vodr1to650.jpg,keep,Good sample,True
2aoboqvxuhqss4n3qxcbb60dlbk4zzfb9vodr1to700.jpg,reject-dup,Duplicate / near-identical,True
2aoboqvxuhtlgno4jmumtaj4yyiehbgtbhsdqa0g663.jpg,reject-other,Other problem,True
2aoboqvxuhtlgno4jmumtaj4yyiehbgtbhsdqa0g713.jpg,reject-dup,Duplicate / near-identical,True
2aoboqvxuhtqtu2zr4hgryotnkerxbiesbzfwlqs669.jpg,reject-other,Other problem,True
2aoboqvxuhtqtu2zr4hgryotnkerxbiesbzfwlqs719.jpg,reject-dup,Duplicate / near-identical,True
2aoboqvxuhvgpm1tn9rarvmlxf6gozli8iunma36651.jpg,keep,Good sample,True
2aoboqvxuhvgpm1tn9rarvmlxf6gozli8iunma36701.jpg,reject-dup,Duplicate / near-identical,True
2aoboqvxuhviqaxrimjmigclwzatdadbf9hbmfo0656.jpg,reject-dark,Too dark / unreadable,True
2aoboqvxuhviqaxrimjmigclwzatdadbf9hbmfo0706.jpg,reject-dup,Duplicate / near-identical,True
2aoboqvxuhvszsjnjcexfbpc9am3eqei0fqoaofs653.jpg,keep,Good sample,True
2aoboqvxuhvszsjnjcexfbpc9am3eqei0fqoaofs703.jpg,reject-dup,Duplicate / near-identical,True
2aoboqvxuhz4qlhpngwfinobkmzzdqaxjiux7tc0668.jpg,keep,Good sample,True
2aoboqvxuhz4qlhpngwfinobkmzzdqaxjiux7tc0718.jpg,reject-dup,Duplicate / near-identical,True
2aoboqvxuhz4qlhpngwfinpfqbrqmrlbp3y63m9o665.jpg,reject-other,Other problem,True
2aoboqvxuhz4qlhpngwfinpfqbrqmrlbp3y63m9o715.jpg,reject-dup,Duplicate / near-identical,True
2aoboqvxuhz4qlhpngwfinqb7ckyxvgtwzy4iaao666.jpg,keep,Good sample,True
2aoboqvxuhz4qlhpngwfinqb7ckyxvgtwzy4iaao716.jpg,reject-dup,Duplicate / near-identical,True
2aoboqvxuhzbfwbo7vggrd7vg6atkjdoo3sjaa2q654.jpg,keep,Good sample,True
2aoboqvxuhzbfwbo7vggrd7vg6atkjdoo3sjaa2q704.jpg,reject-dup,Duplicate / near-identical,True
2aoboqvxui2zgvrk8rvm85azld1ggqsgmcc3r11s670.jpg,keep,Good sample,True
2aoboqvxui2zgvrk8rvm85azld1ggqsgmcc3r11s720.jpg,reject-dup,Duplicate / near-identical,True
2aoboqvxui2zgvrk8rvm85cfv41vfuda4vsi1zpe671.jpg,reject-other,Other problem,True
2aoboqvxui2zgvrk8rvm85cfv41vfuda4vsi1zpe721.jpg,reject-dup,Duplicate / near-identical,True
2aoboqvxui4hy2vpkim4zdeezl4tix65rcf1nbxw673.jpg,keep,Good sample,True
2aoboqvxui4hy2vpkim4zdeezl4tix65rcf1nbxw723.jpg,reject-dup,Duplicate / near-identical,True
2aoboqvxui83uuue4egq1zozjoyvdfwpxgsttmfu672.jpg,keep,Good sample,True
2aoboqvxui83uuue4egq1zozjoyvdfwpxgsttmfu722.jpg,reject-dup,Duplicate / near-identical,True
2aoboqvxui8lhhr37yprddlli8m60eriwc3m4q4w647.jpg,keep,Good sample,True
2aoboqvxui8lhhr37yprddlli8m60eriwc3m4q4w697.jpg,reject-dup,Duplicate / near-identical,True
2aoboqvxuia4nzctsukokexicvuhtvghfhbh4epm685.jpg,keep,Good sample,True
2aoboqvxuia4nzctsukokexicvuhtvghfhbh4epm735.jpg,reject-dup,Duplicate / near-identical,True
2aoboqvxuibmaymesxizdakqjbm33o9shavgkt2e675.jpg,keep,Good sample,True
2aoboqvxuibmaymesxizdakqjbm33o9shavgkt2e725.jpg,reject-dup,Duplicate / near-identical,True
2aoboqvxuifvh1ofhgkipc42slcarioyywagv1ki677.jpg,keep,Good sample,True
2aoboqvxuifvh1ofhgkipc42slcarioyywagv1ki727.jpg,reject-dup,Duplicate / near-identical,True
2aoboqvxuigj6v00j7qda3venqjs0xp46tmjvuqm678.jpg,keep,Good sample,True
2aoboqvxuigj6v00j7qda3venqjs0xp46tmjvuqm728.jpg,reject-dup,Duplicate / near-identical,True
2aoboqvxuihjap7grexvf7ml9wn6j3ym24n90qd2679.jpg,keep,Good sample,True
2aoboqvxuihjap7grexvf7ml9wn6j3ym24n90qd2729.jpg,reject-dup,Duplicate / near-identical,True
2aoboqvxuijwzsd5a9winhwgjcbjdmkobigquvqs680.jpg,keep,Good sample,True
2aoboqvxuijwzsd5a9winhwgjcbjdmkobigquvqs730.jpg,reject-dup,Duplicate / near-identical,True
2aoboqvxuimixahpmbxlrvpal2fm956zvmftueww681.jpg,keep,Good sample,True
2aoboqvxuimixahpmbxlrvpal2fm956zvmftueww731.jpg,reject-dup,Duplicate / near-identical,True
2aoboqvxuincu4mymo49rg26tyamtx1g5ycmfoqa682.jpg,keep,Good sample,True
2aoboqvxuincu4mymo49rg26tyamtx1g5ycmfoqa732.jpg,reject-dup,Duplicate / near-identical,True
2aoboqvxuiq4436e6xs6uhz5regwetruip17xmko683.jpg,keep,Good sample,True
2aoboqvxuiq4436e6xs6uhz5regwetruip17xmko733.jpg,reject-dup,Duplicate / near-identical,True
2aoboqvxuiqlqq33ahbxgljpafng5ppdmbftbfz2684.jpg,keep,Good sample,True
2aoboqvxuiqlqq33ahbxgljpafng5ppdmbftbfz2734.jpg,reject-dup,Duplicate / near-identical,True
2aoboqvxuirdmuloeqpkflrnve0vl1yb0hauxa4e676.jpg,keep,Good sample,True
2aoboqvxuirdmuloeqpkflrnve0vl1yb0hauxa4e726.jpg,reject-dup,Duplicate / near-identical,True
2aoboqvxuiuglxqmxloxolg60myswu8dw40jjcey674.jpg,keep,Good sample,True
2aoboqvxuiuglxqmxloxolg60myswu8dw40jjcey724.jpg,reject-dup,Duplicate / near-identical,True
2aoboqvxuiwvlpszbspxdgixjj4npgkv1zzzek5y687.jpg,keep,Good sample,True
2aoboqvxuiwvlpszbspxdgixjj4npgkv1zzzek5y737.jpg,reject-dup,Duplicate / near-identical,True
2aoboqvxuixk63imdxzredhcbotjtwtsj5oivmo0688.jpg,keep,Good sample,True
2aoboqvxuixk63imdxzredhcbotjtwtsj5oivmo0738.jpg,reject-dup,Duplicate / near-identical,True
2aoboqvxuiyjfdc0lr2k2m0ihgdxm8z1uplznhp2689.jpg,keep,Good sample,True
2aoboqvxuiyjfdc0lr2k2m0ihgdxm8z1uplznhp2739.jpg,reject-dup,Duplicate / near-identical,True
2aoboqvxuiyzwlqukbxyfqoaxks1xqf4e4ff4tu4686.jpg,reject-other,Other problem,True
2aoboqvxuiyzwlqukbxyfqoaxks1xqf4e4ff4tu4736.jpg,reject-dup,Duplicate / near-identical,True
2aoboqvxusjoevirybj0vunpkiih9dcxwnr41lb2440.jpg,keep,Good sample,True
2aoboqvxusjoevirybj0vunpkiih9dcxwnr41lb2490.jpg,reject-dup,Duplicate / near-identical,True
2aoboqvxuzhytdyrbqtayqtshyqlqa1947hwsvlo545.jpg,keep,Good sample,True
2aoboqvxuzhytdyrbqtayqtshyqlqa1947hwsvlo595.jpg,reject-dup,Duplicate / near-identical,True
2aoboqvxuzi3krrcbqdyfwhpknzlunqk29kqzcrk544.jpg,keep,Good sample,True
2aoboqvxuzi3krrcbqdyfwhpknzlunqk29kqzcrk594.jpg,reject-dup,Duplicate / near-identical,True
2aoboqvxuzlfys4uux37uwtcp1x9ttab2itw1dwe543.jpg,keep,Good sample,True
2aoboqvxuzlfys4uux37uwtcp1x9ttab2itw1dwe593.jpg,reject-dup,Duplicate / near-identical,True
2aoboqvxuzooabopbyypruh1yewvjpvxcffsb37g549.jpg,reject-other,Other problem,True
2aoboqvxuzooabopbyypruh1yewvjpvxcffsb37g599.jpg,reject-dup,Duplicate / near-identical,True
2aoboqvxuzptw9pgk5pendykiclprfy52t1tu5ko546.jpg,keep,Good sample,True
2aoboqvxuzptw9pgk5pendykiclprfy52t1tu5ko596.jpg,reject-dup,Duplicate / near-identical,True
2aoboqvxuzsuppusv58mnbbsdhqd1tnudbwgbnzk550.jpg,keep,Good sample,True
2aoboqvxuzsuppusv58mnbbsdhqd1tnudbwgbnzk600.jpg,reject-dup,Duplicate / near-identical,True
2aoboqvxuzutdxlacks1hjzdmkhw57zndtrujkqm548.jpg,keep,Good sample,True
2aoboqvxuzutdxlacks1hjzdmkhw57zndtrujkqm598.jpg,reject-dup,Duplicate / near-identical,True
2aoboqvxuzwuxdx7qghqtyijw98s5cvhkkrc6co8541.jpg,reject-other,Other problem,True
2aoboqvxuzwuxdx7qghqtyijw98s5cvhkkrc6co8591.jpg,reject-dup,Duplicate / near-identical,True
2aoboqvxuzyv17ysvqrawkwr2genxuctnletvxhc552.jpg,keep,Good sample,True
2aoboqvxuzyv17ysvqrawkwr2genxuctnletvxhc602.jpg,reject-dup,Duplicate / near-identical,True
2aoboqvxv2nfvjpfwqb7wgvexidwik4yhz38btao489.jpg,keep,Good sample,True
2aoboqvxv2nfvjpfwqb7wgvexidwik4yhz38btao539.jpg,reject-dup,Duplicate / near-identical,True
2aoboqvxv4beagja5sikiezuyhdeoaj9mqovtt7a448.jpg,keep,Good sample,True
2aoboqvxv4beagja5sikiezuyhdeoaj9mqovtt7a498.jpg,reject-dup,Duplicate / near-identical,True
2aoboqvxv4e3jqwskpe5uvgi4dqudahb5xmc8pmk451.jpg,keep,Good sample,True
2aoboqvxv4e3jqwskpe5uvgi4dqudahb5xmc8pmk501.jpg,reject-dup,Duplicate / near-identical,True
2aoboqvxv4fbrfprvqzcyhhhykitbly7ssf9rlwm453.jpg,keep,Good sample,True
2aoboqvxv4fbrfprvqzcyhhhykitbly7ssf9rlwm503.jpg,reject-dup,Duplicate / near-identical,True
2aoboqvxv4hqwvvtcgow5uqt6sksxzy9l5rmel32454.jpg,keep,Good sample,True
2aoboqvxv4hqwvvtcgow5uqt6sksxzy9l5rmel32504.jpg,reject-dup,Duplicate / near-identical,True
2aoboqvxv4i3rezxfanzatfxlnmcht0w1tvc2jp2452.jpg,keep,Good sample,True
2aoboqvxv4i3rezxfanzatfxlnmcht0w1tvc2jp2502.jpg,reject-dup,Duplicate / near-identical,True
2aoboqvxv4mv5xky5lbgggbkiv6x4xybextznrei456.jpg,keep,Good sample,True
2aoboqvxv4mv5xky5lbgggbkiv6x4xybextznrei506.jpg,reject-dup,Duplicate / near-identical,True
2aoboqvxv4nc7hvcbnibb2rrdco0hnfqqdukv1fs455.jpg,keep,Good sample,True
2aoboqvxv4nc7hvcbnibb2rrdco0hnfqqdukv1fs505.jpg,reject-dup,Duplicate / near-identical,True
2aoboqvxv4nnsellpaatjg4cumi9bpkgmzge3b2g442.jpg,keep,Good sample,True
2aoboqvxv4nnsellpaatjg4cumi9bpkgmzge3b2g492.jpg,reject-dup,Duplicate / near-identical,True
2aoboqvxv4r04zfyqw583jxsvujfnrhwzqxudqlo457.jpg,keep,Good sample,True
2aoboqvxv4r04zfyqw583jxsvujfnrhwzqxudqlo507.jpg,reject-dup,Duplicate / near-identical,True
2aoboqvxv4r9oh1urlztr5xyewzuocddhoas0hi0459.jpg,keep,Good sample,True
2aoboqvxv4r9oh1urlztr5xyewzuocddhoas0hi0509.jpg,reject-dup,Duplicate / near-identical,True
2aoboqvxv4t4bmsjogub88cwyivin00qmbqpwhha444.jpg,keep,Good sample,True
2aoboqvxv4t4bmsjogub88cwyivin00qmbqpwhha494.jpg,reject-dup,Duplicate / near-identical,True
2aoboqvxv4td42ln9qdvck7fudxwzli3jnxlt3hk462.jpg,keep,Good sample,True
2aoboqvxv4td42ln9qdvck7fudxwzli3jnxlt3hk512.jpg,reject-dup,Duplicate / near-identical,True
2aoboqvxv4tjbsol8beorcw2agyegzoctpg1d1gu458.jpg,keep,Good sample,True
2aoboqvxv4tjbsol8beorcw2agyegzoctpg1d1gu508.jpg,reject-dup,Duplicate / near-identical,True
2aoboqvxv4uiq0loinvay3ofhjsojud0hsgjw1fg460.jpg,keep,Good sample,True
2aoboqvxv4uiq0loinvay3ofhjsojud0hsgjw1fg510.jpg,reject-dup,Duplicate / near-identical,True
2aoboqvxv4upelfn2cfc7idzpwzf8wac3bydwowy446.jpg,keep,Good sample,True
2aoboqvxv4upelfn2cfc7idzpwzf8wac3bydwowy496.jpg,reject-dup,Duplicate / near-identical,True
2aoboqvxv4xvpfdjo1ihnvbdp8urmtxykymjst4a450.jpg,keep,Good sample,True
2aoboqvxv4xvpfdjo1ihnvbdp8urmtxykymjst4a500.jpg,reject-dup,Duplicate / near-identical,True
2aoboqvxv51aspukl04hykxnn3561tjqrtqzrtgg443.jpg,keep,Good sample,True
2aoboqvxv51aspukl04hykxnn3561tjqrtqzrtgg493.jpg,reject-dup,Duplicate / near-identical,True
2aoboqvxv51ibijsqchhvl8cehu2pgdp2vhabi6i441.jpg,keep,Good sample,True
2aoboqvxv51ibijsqchhvl8cehu2pgdp2vhabi6i491.jpg,reject-dup,Duplicate / near-identical,True
2aoboqvxv51kc7fqlpztm5yo8dgt33miywltjpag463.jpg,keep,Good sample,True
2aoboqvxv51kc7fqlpztm5yo8dgt33miywltjpag513.jpg,reject-dup,Duplicate / near-identical,True
2aoboqvxv51n2wcdr2rfcqskomsnprdfnkphhot2461.jpg,keep,Good sample,True
2aoboqvxv51n2wcdr2rfcqskomsnprdfnkphhot2511.jpg,reject-dup,Duplicate / near-identical,True
2aoboqvxv51w1bbzkakki4boudurqb1ojphqxrga449.jpg,keep,Good sample,True
2aoboqvxv51w1bbzkakki4boudurqb1ojphqxrga499.jpg,reject-dup,Duplicate / near-identical,True
2aoboqvxv51ys0xwpncw8puiz6ogaoahkl76n3rm447.jpg,reject-other,Other problem,True
2aoboqvxv51ys0xwpncw8puiz6ogaoahkl76n3rm497.jpg,reject-dup,Duplicate / near-identical,True
2aoboqvxv55f7f3a9jmtu5t3oymzuwn0vgumff0a465.jpg,keep,Good sample,True
2aoboqvxv55f7f3a9jmtu5t3oymzuwn0vgumff0a515.jpg,reject-dup,Duplicate / near-identical,True
2aoboqvxv55f7f3a9jmtu5tthixc9mjhllyhm5fa464.jpg,keep,Good sample,True
2aoboqvxv55f7f3a9jmtu5tthixc9mjhllyhm5fa514.jpg,reject-dup,Duplicate / near-identical,True
2aoboqvxv58xsg9qqkmwopj9dthkkpnxbkuaerhq466.jpg,keep,Good sample,True
2aoboqvxv58xsg9qqkmwopj9dthkkpnxbkuaerhq516.jpg,reject-dup,Duplicate / near-identical,True
2aoboqvxv595vlkjtf1cd7spdpe7boijuwvywewy467.jpg,reject-other,Other problem,True
2aoboqvxv595vlkjtf1cd7spdpe7boijuwvywewy517.jpg,reject-dup,Duplicate / near-identical,True
2aoboqvxv5capdpnzoir0bawhqq3ue4tkyjbcg4o481.jpg,keep,Good sample,True
2aoboqvxv5capdpnzoir0bawhqq3ue4tkyjbcg4o531.jpg,reject-dup,Duplicate / near-identical,True
2aoboqvxv5cbgfigf44htkoyzwgglb9phqdatppg468.jpg,keep,Good sample,True
2aoboqvxv5cbgfigf44htkoyzwgglb9phqdatppg518.jpg,reject-dup,Duplicate / near-identical,True
2aoboqvxv5cjkatzhyixiteb0msjhlo2vphngcta469.jpg,keep,Good sample,True
2aoboqvxv5cjkatzhyixiteb0msjhlo2vphngcta519.jpg,reject-dup,Duplicate / near-identical,True
2aoboqvxv5dl3fj0ykuu30bbzj3b0hfrnxnbh3sa477.jpg,reject-other,Other problem,True
2aoboqvxv5dl3fj0ykuu30bbzj3b0hfrnxnbh3sa527.jpg,reject-dup,Duplicate / near-identical,True
2aoboqvxv5fuqr5rfayztxev72kq6jtbdrfg6yru486.jpg,keep,Good sample,True
2aoboqvxv5fuqr5rfayztxev72kq6jtbdrfg6yru536.jpg,reject-dup,Duplicate / near-identical,True
2aoboqvxv5gw5nzikzhxqj3k6cbd4xzr1cyh0rrc487.jpg,keep,Good sample,True
2aoboqvxv5gw5nzikzhxqj3k6cbd4xzr1cyh0rrc537.jpg,reject-dup,Duplicate / near-identical,True
2aoboqvxv5hhvu7xg3h7dzgcu3ho9gbr7ygn9xd6472.jpg,keep,Good sample,True
2aoboqvxv5hhvu7xg3h7dzgcu3ho9gbr7ygn9xd6522.jpg,reject-dup,Duplicate / near-identical,True
2aoboqvxv5hhvu7xg3h7dzlafhxmnale1f8rzfkg470.jpg,keep,Good sample,True
2aoboqvxv5hhvu7xg3h7dzlafhxmnale1f8rzfkg520.jpg,reject-dup,Duplicate / near-identical,True
2aoboqvxv5is364sx29q4wyjbrehhbwc8wpm0re8485.jpg,reject-blur,Blurry,True
2aoboqvxv5is364sx29q4wyjbrehhbwc8wpm0re8535.jpg,reject-dup,Duplicate / near-identical,True
2aoboqvxv5j94qf73ugkyt5smp6i9159002andle478.jpg,keep,Good sample,True
2aoboqvxv5j94qf73ugkyt5smp6i9159002andle528.jpg,reject-dup,Duplicate / near-identical,True
2aoboqvxv5k9vsrdqdv4gb89qhcfauqss3wrl0u4471.jpg,keep,Good sample,True
2aoboqvxv5k9vsrdqdv4gb89qhcfauqss3wrl0u4521.jpg,reject-dup,Duplicate / near-identical,True
2aoboqvxv5kchkabshzmodzlc2wjiveey4rrpyj2474.jpg,keep,Good sample,True
2aoboqvxv5kchkabshzmodzlc2wjiveey4rrpyj2524.jpg,reject-dup,Duplicate / near-identical,True
2aoboqvxv5l98kgrj4qv24tktqjpug2r3y8gjnxu484.jpg,keep,Good sample,True
2aoboqvxv5l98kgrj4qv24tktqjpug2r3y8gjnxu534.jpg,reject-dup,Duplicate / near-identical,True
2aoboqvxv5lxsy6el9aptrurtfprae7s2qr8rrks488.jpg,keep,Good sample,True
2aoboqvxv5lxsy6el9aptrurtfprae7s2qr8rrks538.jpg,reject-dup,Duplicate / near-identical,True
2aoboqvxv5nlj3uvjjudvbm8jzkenfi4mzzlxnjo473.jpg,keep,Good sample,True
2aoboqvxv5nlj3uvjjudvbm8jzkenfi4mzzlxnjo523.jpg,reject-dup,Duplicate / near-identical,True
2aoboqvxv5pulcvbssn341eeljljtcz1ej6yjqbk475.jpg,keep,Good sample,True
2aoboqvxv5pulcvbssn341eeljljtcz1ej6yjqbk525.jpg,reject-dup,Duplicate / near-identical,True
2aoboqvxv5q7glzfvmm6zpeain4nyjtrdrx5gjhc476.jpg,keep,Good sample,True
2aoboqvxv5q7glzfvmm6zpeain4nyjtrdrx5gjhc526.jpg,reject-dup,Duplicate / near-identical,True
2aoboqvxv5rgzdeq45jkktuhhagqrovo2n2wpj8c479.jpg,keep,Good sample,True
2aoboqvxv5rgzdeq45jkktuhhagqrovo2n2wpj8c529.jpg,reject-dup,Duplicate / near-identical,True
2aoboqvxv5v3lsd1lwuavsiomjbfftnqupwajpyy445.jpg,keep,Good sample,True
2aoboqvxv5v3lsd1lwuavsiomjbfftnqupwajpyy495.jpg,reject-dup,Duplicate / near-identical,True
2aoboqvxv5vj7qdsutlqhbyaezmbxtwuw426ep28480.jpg,keep,Good sample,True
2aoboqvxv5vj7qdsutlqhbyaezmbxtwuw426ep28530.jpg,reject-dup,Duplicate / near-identical,True
2aoboqvxv5yd8ejw9q1ykyxyhatuadtojctxd6za482.jpg,keep,Good sample,True
2aoboqvxv5yd8ejw9q1ykyxyhatuadtojctxd6za532.jpg,reject-dup,Duplicate / near-identical,True
2aoboqvxv5zgopjkkrcixeiqz61g2ezdnrzrnjbw483.jpg,keep,Good sample,True
2aoboqvxv5zgopjkkrcixeiqz61g2ezdnrzrnjbw533.jpg,reject-dup,Duplicate / near-identical,True
2aoboqvxvvaxwe5gjlh1txdeosrovy4lwavsoa40392.jpg,keep,Good sample,True
2aoboqvxvvb1bnjoxddrzlmyivyvvpotulucsgmi407.jpg,reject-blur,Blurry,True
2aoboqvxvvbr85oemfljbaqop3gopaxdqgwtxuyk395.jpg,keep,Good sample,True
2aoboqvxvvc7ing13s7dcmw7nvqouslgjg5fuf7o406.jpg,keep,Good sample,True
2aoboqvxvvddm67sxsi0ssirldqa0iyyimxbzl3g391.jpg,keep,Good sample,True
2aoboqvxvvelxdlckhw6k07giv7mucaqyssj9vpw408.jpg,reject-nometer,Not a meter,True
2aoboqvxvvf3kqiro1fxw4h9qag5fmwmofwlqeda411.jpg,reject-other,Other problem,True
2aoboqvxvvgej4xoufthgbittnig9z8f13u1lhig393.jpg,reject-dark,Too dark / unreadable,True
2aoboqvxvvglxprneudipqwll5j6ljo0j39yxz56397.jpg,keep,Good sample,True
2aoboqvxvvidyehoraymdtipdaoxopul35n1yuje399.jpg,keep,Good sample,True
2aoboqvxvvk0fwwdebncixvajgdrnjkvrnsphees413.jpg,reject-blur,Blurry,True
2aoboqvxvvndjk9ivdthwb32ccvask4yhn4wk8jg412.jpg,keep,Good sample,True
2aoboqvxvvoas56z7u3y3ysqzxu1ezpmqcjhlv2o410.jpg,reject-other,Other problem,True
2aoboqvxvvpmhleosy38hf6erme95tank15grnk4394.jpg,keep,Good sample,True
2aoboqvxvvprzpxztnnvxuthwf798f92klh5a6lc396.jpg,reject-dark,Too dark / unreadable,True
2aoboqvxvvpzcuiswi2bmdyfor3kvgiufsjrp7xi398.jpg,reject-other,Other problem,True
2aoboqvxvvq23jfg1uuncypsh0nsynjdx6zdk7vm400.jpg,keep,Good sample,True
2aoboqvxvvq5jisyfnhe8mepk577wwbzuqxglxri414.jpg,keep,Good sample,True
2aoboqvxvvqoiauq5eocvim4w3c25xwsjo1z1maq401.jpg,keep,Good sample,True
2aoboqvxvvqyvabwhrlwgpmox38e4ll8cgpcntek404.jpg,keep,Good sample,True
2aoboqvxvvs2wnxvpkymldtsoycbfaatjwaooag8409.jpg,keep,Good sample,True
2aoboqvxvvsn9zr7yhapo2eq2bi6e1hczkzeqilq417.jpg,keep,Good sample,True
2aoboqvxvvuf6glzq02vekkxxqiehb0mafpzlkui402.jpg,keep,Good sample,True
2aoboqvxvvvqu5ihetljekdcnshfqmvwmvlyjxkq418.jpg,keep,Good sample,True
2aoboqvxvvyc2dw6igi7d5ciuxchyr0elje3zlqo403.jpg,reject-nometer,Not a meter,True
2aoboqvxvvyetssudtaj3q3qlkkampnisrgnpkiy405.jpg,keep,Good sample,True
2aoboqvxvvysdlnszt41ehii4cvuu0hsdpqr07as415.jpg,reject-partial,Meter cut off / occluded,True
2aoboqvxvvzermdt42xq71m0bw5ruzvg65xgdydo419.jpg,keep,Good sample,True
2aoboqvxvw2gb38ep1qy6yptgyyjk7fyfga0g26k421.jpg,keep,Good sample,True
2aoboqvxvw3eeyjxrw5dvhpe6ekgmznsx2b9bbi8422.jpg,keep,Good sample,True
2aoboqvxvw5yw4ev6tgb1iemfumnkj0h6vrtilam423.jpg,reject-blur,Blurry,True
2aoboqvxvw6mqhei8y0vsfcaheas6nsc6wtcdqno425.jpg,keep,Good sample,True
2aoboqvxvw6wzzpo9nvgq0o4ouiax5wk6l5wf7dq420.jpg,keep,Good sample,True
2aoboqvxvw8zpkjgrszj1fl1ohjn39umns8sbyro424.jpg,reject-blur,Blurry,True
2aoboqvxvwam73o5etoyft5mc97tf3q2okl7uk5g426.jpg,keep,Good sample,True
2aoboqvxvwbcs5kfll0exb403dmx7rua0pxvckzs390.jpg,reject-dark,Too dark / unreadable,True
2aoboqvxvwd2nxijhqayxxr4wbsowsuhhimedh3o427.jpg,keep,Good sample,True
2aoboqvxvwexadrjn1qlktvpiw6lpsn46tr9cuxi416.jpg,reject-blur,Blurry,True
2aoboqvxvwhy8s0kaj6x2j9ynifreepf0awo4i80428.jpg,keep,Good sample,True
2aoboqvxvwkfz8yuk3q8hz5oby6fuwyvraf5rlk0429.jpg,reject-blur,Blurry,True
2aoboqvxvwko2e9nmxeo6hbwlwyv3zzfwjqvtiqo432.jpg,reject-blur,Blurry,True
2aoboqvxvwnrmjbmd9phwzje1b2xq2ry3ztc7mqi430.jpg,keep,Good sample,True
2aoboqvxvwptwqcugffxyoyvz80w6x1uvy8znlde435.jpg,reject-blur,Blurry,True
2aoboqvxvwqgar2ukp9mryr7jygtskk6mgtsqfag433.jpg,reject-blur,Blurry,True
2aoboqvxvwt5k0pmzm57dpad6fgmqf01eloqsy9w434.jpg,keep,Good sample,True
2aoboqvxvwu48yng9xvtkfyjust3cmteroyvrbvs436.jpg,keep,Good sample,True
2aoboqvxvwwlzflptif4zvwjncwlejaqf7zfifl6437.jpg,keep,Good sample,True
2aoboqvxvwxhbvalqzbyxtbxcjyvylrbw17vph8c439.jpg,keep,Good sample,True
2aoboqvxvwzanmmxaxyj44it7ml0depkuaon1twm438.jpg,reject-other,Other problem,True
2aoboqvxvwzoyiqoccns85ht0wai0oifg7sfujlc431.jpg,keep,Good sample,True
2aoboqvxw1aslgyygyz3gyubnwtnejyz9sgdq8qe297.jpg,keep,Good sample,True
2aoboqvxw1aslgyygyz3gyubnwtnejyz9sgdq8qe347.jpg,reject-dup,Duplicate / near-identical,True
2aoboqvxw1domtbp187nzqgunmtrcxwkl72pafiw298.jpg,reject-blur,Blurry,True
2aoboqvxw1domtbp187nzqgunmtrcxwkl72pafiw348.jpg,reject-dup,Duplicate / near-identical,True
2aoboqvxw1eijng7audlzau9oltbqsdtih7k6kgi299.jpg,reject-blur,Blurry,True
2aoboqvxw1eijng7audlzau9oltbqsdtih7k6kgi349.jpg,reject-dup,Duplicate / near-identical,True
2aoboqvxw1hhceovqgei9db0ax9ksy5brj6uuc9q290.jpg,keep,Good sample,True
2aoboqvxw1hhceovqgei9db0ax9ksy5brj6uuc9q340.jpg,reject-dup,Duplicate / near-identical,True
2aoboqvxw1jg0mg3ylxwdlvi6xpptxleut8ofrba300.jpg,keep,Good sample,True
2aoboqvxw1jg0mg3ylxwdlvi6xpptxleut8ofrba350.jpg,reject-dup,Duplicate / near-identical,True
2aoboqvxw1mqhsaamt9jjmml6llakkngeyticwim302.jpg,keep,Good sample,True
2aoboqvxw1mqhsaamt9jjmml6llakkngeyticwim352.jpg,reject-dup,Duplicate / near-identical,True
2aoboqvxw1n0mcihl0gboqgdt2d7sww7ionrpzls303.jpg,keep,Good sample,True
2aoboqvxw1n0mcihl0gboqgdt2d7sww7ionrpzls353.jpg,reject-dup,Duplicate / near-identical,True
2aoboqvxw1p2sayen8dsctckximfhub34k3spfvi293.jpg,keep,Good sample,True
2aoboqvxw1p2sayen8dsctckximfhub34k3spfvi343.jpg,reject-dup,Duplicate / near-identical,True
2aoboqvxw1pxdoui5zovhhztnipbln8tu4lfmbsk305.jpg,keep,Good sample,True
2aoboqvxw1pxdoui5zovhhztnipbln8tu4lfmbsk355.jpg,reject-dup,Duplicate / near-identical,True
2aoboqvxw1rrbklx259dokgk3hc1uedbwupvqijs292.jpg,reject-other,Other problem,True
2aoboqvxw1rrbklx259dokgk3hc1uedbwupvqijs342.jpg,reject-dup,Duplicate / near-identical,True
2aoboqvxw1ryxvwfj5eljwnsgqufl1ojjdrkelju301.jpg,reject-blur,Blurry,True
2aoboqvxw1ryxvwfj5eljwnsgqufl1ojjdrkelju351.jpg,reject-dup,Duplicate / near-identical,True
2aoboqvxw1sbseajmpdooul3rhbabfv6vb2eqg5g304.jpg,keep,Good sample,True
2aoboqvxw1sbseajmpdooul3rhbabfv6vb2eqg5g354.jpg,reject-dup,Duplicate / near-identical,True
2aoboqvxw1t50nxhdwf8zc77cn1ydkqhy5lwydg4291.jpg,reject-other,Other problem,True
2aoboqvxw1t50nxhdwf8zc77cn1ydkqhy5lwydg4341.jpg,reject-dup,Duplicate / near-identical,True
2aoboqvxw1v9wlrnjwzgj3gh1crg7leziqmgqd5u296.jpg,keep,Good sample,True
2aoboqvxw1v9wlrnjwzgj3gh1crg7leziqmgqd5u346.jpg,reject-dup,Duplicate / near-identical,True
2aoboqvxw1vbw8viztg1geug0sp02jh4amuw502c310.jpg,reject-other,Other problem,True
2aoboqvxw1vbw8viztg1geug0sp02jh4amuw502c360.jpg,reject-dup,Duplicate / near-identical,True
2aoboqvxw1vfck1t2boifctn5amnpezq3opj0jc8306.jpg,keep,Good sample,True
2aoboqvxw1vfck1t2boifctn5amnpezq3opj0jc8356.jpg,reject-dup,Duplicate / near-identical,True
2aoboqvxw1xertlszwto2vhuqgtvhcgy4ik5n4sw294.jpg,keep,Good sample,True
2aoboqvxw1xertlszwto2vhuqgtvhcgy4ik5n4sw344.jpg,reject-dup,Duplicate / near-identical,True
2aoboqvxw1zjnrfyfxdvmmsaxydcn4kuua8blgzc295.jpg,keep,Good sample,True
2aoboqvxw1zjnrfyfxdvmmsaxydcn4kuua8blgzc345.jpg,reject-dup,Duplicate / near-identical,True
2aoboqvxw20c8gfeslwn1fycyyzyw9pkle9ms6ua307.jpg,keep,Good sample,True
2aoboqvxw20c8gfeslwn1fycyyzyw9pkle9ms6ua357.jpg,reject-dup,Duplicate / near-identical,True
2aoboqvxw20tv3ctwvfodkajfkh0dm13m9bczh2o308.jpg,keep,Good sample,True
2aoboqvxw20tv3ctwvfodkajfkh0dm13m9bczh2o358.jpg,reject-dup,Duplicate / near-identical,True
2aoboqvxw24mkoq0m4cin71mjtss4nccto06kz3i311.jpg,keep,Good sample,True
2aoboqvxw24mkoq0m4cin71mjtss4nccto06kz3i361.jpg,reject-dup,Duplicate / near-identical,True
2aoboqvxw25in54vtlzclugqbb8u96xeyzeokc6k313.jpg,keep,Good sample,True
2aoboqvxw25in54vtlzclugqbb8u96xeyzeokc6k363.jpg,reject-dup,Duplicate / near-identical,True
2aoboqvxw27glcw3bqsrg3qomcuutv3pt5pka4za314.jpg,reject-nometer,Not a meter,True
2aoboqvxw27glcw3bqsrg3qomcuutv3pt5pka4za364.jpg,reject-dup,Duplicate / near-identical,True
2aoboqvxw28eohhmel7x4m11t8mxpxrl2du9qknw312.jpg,keep,Good sample,True
2aoboqvxw28eohhmel7x4m11t8mxpxrl2du9qknw362.jpg,reject-dup,Duplicate / near-identical,True
2aoboqvxw2avumjlqnoc2k6pw5fq1fhgsczapphy315.jpg,keep,Good sample,True
2aoboqvxw2avumjlqnoc2k6pw5fq1fhgsczapphy365.jpg,reject-dup,Duplicate / near-identical,True
2aoboqvxw2az6dbtssiuamtetruljldeyxzmzorg309.jpg,keep,Good sample,True
2aoboqvxw2az6dbtssiuamtetruljldeyxzmzorg359.jpg,reject-dup,Duplicate / near-identical,True
2aoboqvxw2chnkgpuj9d1uvcq6nlircewbfs1qdw319.jpg,reject-partial,Meter cut off / occluded,True
2aoboqvxw2chnkgpuj9d1uvcq6nlircewbfs1qdw369.jpg,reject-dup,Duplicate / near-identical,True
2aoboqvxw2csgp5qlvkjm1kcmzzlwxzi52yya880327.jpg,keep,Good sample,True
2aoboqvxw2csgp5qlvkjm1kcmzzlwxzi52yya880377.jpg,reject-dup,Duplicate / near-identical,True
2aoboqvxw2eqjuanvtshys8vnkojpndc5de76kou333.jpg,reject-dark,Too dark / unreadable,True
2aoboqvxw2eqjuanvtshys8vnkojpndc5de76kou383.jpg,reject-dup,Duplicate / near-identical,True
2aoboqvxw2eze1eze3sogkoulqqijvfrpieohupw317.jpg,reject-blur,Blurry,True
2aoboqvxw2eze1eze3sogkoulqqijvfrpieohupw367.jpg,reject-dup,Duplicate / near-identical,True
2aoboqvxw2f9m3hpxyrojzt0fhyr33yyaoxiialg332.jpg,reject-nometer,Not a meter,True
2aoboqvxw2f9m3hpxyrojzt0fhyr33yyaoxiialg382.jpg,reject-dup,Duplicate / near-identical,True
2aoboqvxw2fuqhtulkosf89hmruxlbmuywuxqk3e321.jpg,keep,Good sample,True
2aoboqvxw2fuqhtulkosf89hmruxlbmuywuxqk3e371.jpg,reject-dup,Duplicate / near-identical,True
2aoboqvxw2hrckfzgskzypmjorajlndodyitint6334.jpg,reject-other,Other problem,True
2aoboqvxw2hrckfzgskzypmjorajlndodyitint6384.jpg,reject-dup,Duplicate / near-identical,True
2aoboqvxw2iwyig1fpceuydwv3b8j3v9wdbak3bg335.jpg,keep,Good sample,True
2aoboqvxw2iwyig1fpceuydwv3b8j3v9wdbak3bg385.jpg,reject-dup,Duplicate / near-identical,True
2aoboqvxw2lks5t6wrhu8cecmyqjaipjchfqb2pc337.jpg,keep,Good sample,True
2aoboqvxw2lks5t6wrhu8cecmyqjaipjchfqb2pc387.jpg,reject-dup,Duplicate / near-identical,True
2aoboqvxw2mg14crsklpiotpwogjuitlpcxrpvam325.jpg,keep,Good sample,True
2aoboqvxw2mg14crsklpiotpwogjuitlpcxrpvam375.jpg,reject-dup,Duplicate / near-identical,True
2aoboqvxw2mufhmj5ntxabjw3ubl8ol5xhsjqady336.jpg,keep,Good sample,True
2aoboqvxw2mufhmj5ntxabjw3ubl8ol5xhsjqady386.jpg,reject-dup,Duplicate / near-identical,True
2aoboqvxw2n6m6z2q2nw0wmenhhllpwwag8i9g48324.jpg,keep,Good sample,True
2aoboqvxw2n6m6z2q2nw0wmenhhllpwwag8i9g48374.jpg,reject-dup,Duplicate / near-identical,True
2aoboqvxw2njhfd6tmmzvuecmozoaahue16fczb6318.jpg,keep,Good sample,True
2aoboqvxw2njhfd6tmmzvuecmozoaahue16fczb6368.jpg,reject-dup,Duplicate / near-identical,True
2aoboqvxw2nln2djrhd54xiza8bulbns1zwkfk6q322.jpg,keep,Good sample,True
2aoboqvxw2nln2djrhd54xiza8bulbns1zwkfk6q372.jpg,reject-dup,Duplicate / near-identical,True
2aoboqvxw2ollmoihqac89lmhrymykdlabyfkwae339.jpg,keep,Good sample,True
2aoboqvxw2ollmoihqac89lmhrymykdlabyfkwae389.jpg,reject-dup,Duplicate / near-identical,True
2aoboqvxw2op3ddy1teerdvt7r58nxdhwnamafe4320.jpg,keep,Good sample,True
2aoboqvxw2op3ddy1teerdvt7r58nxdhwnamafe4370.jpg,reject-dup,Duplicate / near-identical,True
2aoboqvxw2osimrgflb5ns9ukopwtciyqipqm8rw338.jpg,keep,Good sample,True
2aoboqvxw2osimrgflb5ns9ukopwtciyqipqm8rw388.jpg,reject-dup,Duplicate / near-identical,True
2aoboqvxw2pwk0dfneolsgim2gnhlhcbmxlkw2bo316.jpg,keep,Good sample,True
2aoboqvxw2pwk0dfneolsgim2gnhlhcbmxlkw2bo366.jpg,reject-dup,Duplicate / near-identical,True
2aoboqvxw2roghywoxgriy5evxcvf53aejxz7mga323.jpg,keep,Good sample,True
2aoboqvxw2roghywoxgriy5evxcvf53aejxz7mga373.jpg,reject-dup,Duplicate / near-identical,True
2aoboqvxw2sbl8o6t6kgbi2ytdmkjvj5n3wo99oq326.jpg,keep,Good sample,True
2aoboqvxw2sbl8o6t6kgbi2ytdmkjvj5n3wo99oq376.jpg,reject-dup,Duplicate / near-identical,True
2aoboqvxw2vadzwv8tbclkpqnbfbrswvegnh7fuq329.jpg,keep,Good sample,True
2aoboqvxw2vadzwv8tbclkpqnbfbrswvegnh7fuq379.jpg,reject-dup,Duplicate / near-identical,True
2aoboqvxw2wfzxxmhq2rh3cobvdumx0jjxiuibuy328.jpg,keep,Good sample,True
2aoboqvxw2wfzxxmhq2rh3cobvdumx0jjxiuibuy378.jpg,reject-dup,Duplicate / near-identical,True
2aoboqvxw2zlksljsp5xngqwvw0wulrzjwujj2q4330.jpg,keep,Good sample,True
2aoboqvxw2zlksljsp5xngqwvw0wulrzjwujj2q4380.jpg,reject-dup,Duplicate / near-identical,True
2aoboqvxw2zrn8af0ws1m46v2riwrnvljr9ixryq331.jpg,reject-blur,Blurry,True
2aoboqvxw2zrn8af0ws1m46v2riwrnvljr9ixryq381.jpg,reject-dup,Duplicate / near-identical,True
2aoboqvxwcwue0jxdt0jxlexvc9broione4delfi190.jpg,reject-dark,Too dark / unreadable,True
2aoboqvxwcwue0jxdt0jxlexvc9broione4delfi240.jpg,reject-dup,Duplicate / near-identical,True
2aoboqvxwlvqe8qdramcinnearqpfezcr2h9xfta239.jpg,keep,Good sample,True
2aoboqvxwlvqe8qdramcinnearqpfezcr2h9xfta289.jpg,reject-dup,Duplicate / near-identical,True
2aoboqvxwobgrcyc5sy7vzlc3mwdphvwki8fh476207.jpg,reject-blur,Blurry,True
2aoboqvxwobgrcyc5sy7vzlc3mwdphvwki8fh476257.jpg,reject-dup,Duplicate / near-identical,True
2aoboqvxwoceuhjv8ncnkhoc6depczvrhfzrytrq205.jpg,keep,Good sample,True
2aoboqvxwoceuhjv8ncnkhoc6depczvrhfzrytrq255.jpg,reject-dup,Duplicate / near-identical,True
2aoboqvxwodlmkshltiffqsebrsnmrnihwznxnoq200.jpg,keep,Good sample,True
2aoboqvxwodlmkshltiffqsebrsnmrnihwznxnoq250.jpg,reject-dup,Duplicate / near-identical,True
2aoboqvxwoeiat3nqsgpvwqtsbvjl3to7hqhnvnc210.jpg,keep,Good sample,True
2aoboqvxwoeiat3nqsgpvwqtsbvjl3to7hqhnvnc260.jpg,reject-dup,Duplicate / near-identical,True
2aoboqvxwogmhggyod6izufzhioycf9zlzoehj8c191.jpg,reject-dark,Too dark / unreadable,True
2aoboqvxwogmhggyod6izufzhioycf9zlzoehj8c241.jpg,reject-dup,Duplicate / near-identical,True
2aoboqvxwohdr3k44ad3x5sxnj3v8acyjnjf3no8204.jpg,keep,Good sample,True
2aoboqvxwohdr3k44ad3x5sxnj3v8acyjnjf3no8254.jpg,reject-dup,Duplicate / near-identical,True
2aoboqvxwohkklrrr7kyodf5xkjlfsgxto8jcraa196.jpg,reject-blur,Blurry,True
2aoboqvxwohkklrrr7kyodf5xkjlfsgxto8jcraa246.jpg,reject-dup,Duplicate / near-identical,True
2aoboqvxwokpedwwngcdc6ajgeionnvjjmzskg6i206.jpg,keep,Good sample,True
2aoboqvxwokpedwwngcdc6ajgeionnvjjmzskg6i256.jpg,reject-dup,Duplicate / near-identical,True
2aoboqvxwokswvcc7jgglb7nm07bpbiqnaisc7vc192.jpg,keep,Good sample,True
2aoboqvxwokswvcc7jgglb7nm07bpbiqnaisc7vc242.jpg,reject-dup,Duplicate / near-identical,True
2aoboqvxwomfedqauk5w0erkdchjvkdigdn596um208.jpg,keep,Good sample,True
2aoboqvxwomfedqauk5w0erkdchjvkdigdn596um258.jpg,reject-dup,Duplicate / near-identical,True
2aoboqvxwommsykyoypx9u6blrq1kdmedfzgyh6u195.jpg,keep,Good sample,True
2aoboqvxwommsykyoypx9u6blrq1kdmedfzgyh6u245.jpg,reject-dup,Duplicate / near-identical,True
2aoboqvxwoooxhigzmht30max2nplauswwyoenao194.jpg,keep,Good sample,True
2aoboqvxwoooxhigzmht30max2nplauswwyoenao244.jpg,reject-dup,Duplicate / near-identical,True
2aoboqvxwopoazx5idctoua0rjeqjfhpixbmawno212.jpg,reject-partial,Meter cut off / occluded,True
2aoboqvxwopoazx5idctoua0rjeqjfhpixbmawno262.jpg,reject-dup,Duplicate / near-identical,True
2aoboqvxwoqbfqmfmn6iheveypfjjqubanuexcmy215.jpg,reject-other,Other problem,True
2aoboqvxwoqbfqmfmn6iheveypfjjqubanuexcmy265.jpg,reject-dup,Duplicate / near-identical,True
2aoboqvxwosltesoiswf1lyh88gtv7bgnjxfepns203.jpg,reject-blur,Blurry,True
2aoboqvxwosltesoiswf1lyh88gtv7bgnjxfepns253.jpg,reject-dup,Duplicate / near-identical,True
2aoboqvxwotlwwhcbki5nfmzu57wkjt1a8k2j8nm209.jpg,reject-other,Other problem,True
2aoboqvxwotlwwhcbki5nfmzu57wkjt1a8k2j8nm259.jpg,reject-dup,Duplicate / near-identical,True
2aoboqvxwov4z5hskskuw4mp5rx2runnmdpz9pem214.jpg,reject-blur,Blurry,True
2aoboqvxwov4z5hskskuw4mp5rx2runnmdpz9pem264.jpg,reject-dup,Duplicate / near-identical,True
2aoboqvxwovilh4p32uzkcwjikqgtwb36kgeg3vm199.jpg,keep,Good sample,True
2aoboqvxwovilh4p32uzkcwjikqgtwb36kgeg3vm249.jpg,reject-dup,Duplicate / near-identical,True
2aoboqvxwovlaqixgurpqr8ydlwhn8mtiseed8l6216.jpg,keep,Good sample,True
2aoboqvxwovlaqixgurpqr8ydlwhn8mtiseed8l6266.jpg,reject-dup,Duplicate / near-identical,True
2aoboqvxwovlx8nn5wzhsfhgtyknal9qaoffim5q198.jpg,keep,Good sample,True
2aoboqvxwovlx8nn5wzhsfhgtyknal9qaoffim5q248.jpg,reject-dup,Duplicate / near-identical,True
2aoboqvxwoymu6nj1uaxqoimjpeslifzdr8yejpw217.jpg,keep,Good sample,True
2aoboqvxwoymu6nj1uaxqoimjpeslifzdr8yejpw267.jpg,reject-dup,Duplicate / near-identical,True
2aoboqvxwoyyftehph2qobog1nhmly7iat2etgye201.jpg,keep,Good sample,True
2aoboqvxwoyyftehph2qobog1nhmly7iat2etgye251.jpg,reject-dup,Duplicate / near-identical,True
2aoboqvxwozg2gb6t0mhafbfdhuv4ow4plzl9dq4202.jpg,keep,Good sample,True
2aoboqvxwozg2gb6t0mhafbfdhuv4ow4plzl9dq4252.jpg,reject-dup,Duplicate / near-identical,True
2aoboqvxwp03vri1fpkl8spglkyeynjrgpmo3bby213.jpg,keep,Good sample,True
2aoboqvxwp03vri1fpkl8spglkyeynjrgpmo3bby263.jpg,reject-dup,Duplicate / near-identical,True
2aoboqvxwp1ff7tzjlaakhiogcytxpitmymtv2qu218.jpg,keep,Good sample,True
2aoboqvxwp1ff7tzjlaakhiogcytxpitmymtv2qu268.jpg,reject-dup,Duplicate / near-identical,True
2aoboqvxwp3jpdrus4iccrp46mxmaoyogj0s2qug219.jpg,keep,Good sample,True
2aoboqvxwp3jpdrus4iccrp46mxmaoyogj0s2qug269.jpg,reject-dup,Duplicate / near-identical,True
2aoboqvxwp57jqkvbcvp2mesnsmk53ssywmwicv2223.jpg,reject-other,Other problem,True
2aoboqvxwp57jqkvbcvp2mesnsmk53ssywmwicv2273.jpg,reject-dup,Duplicate / near-identical,True
2aoboqvxwp5avi3te6zhapwodmm017cetyoae4ci220.jpg,keep,Good sample,True
2aoboqvxwp5avi3te6zhapwodmm017cetyoae4ci270.jpg,reject-dup,Duplicate / near-identical,True
2aoboqvxwp8j71nnuiuyhnjp7pfgxpvfcc5csd0c225.jpg,keep,Good sample,True
2aoboqvxwp8j71nnuiuyhnjp7pfgxpvfcc5csd0c275.jpg,reject-dup,Duplicate / near-identical,True
2aoboqvxwp8wwufuogy1tgpxhir0hstqbto1nln2222.jpg,keep,Good sample,True
2aoboqvxwp8wwufuogy1tgpxhir0hstqbto1nln2272.jpg,reject-dup,Duplicate / near-identical,True
2aoboqvxwp9qtokcyseptrvusskdzzc8aqbkvaza211.jpg,keep,Good sample,True
2aoboqvxwp9qtokcyseptrvusskdzzc8aqbkvaza261.jpg,reject-dup,Duplicate / near-identical,True
2aoboqvxwpahyqk5nm7bzhxbkwfagfz6fzjwdv6u230.jpg,keep,Good sample,True
2aoboqvxwpahyqk5nm7bzhxbkwfagfz6fzjwdv6u280.jpg,reject-dup,Duplicate / near-identical,True
2aoboqvxwpb11qh7pr6ikoiwqgfu8mogazehpowy238.jpg,reject-other,Other problem,True
2aoboqvxwpb11qh7pr6ikoiwqgfu8mogazehpowy288.jpg,reject-dup,Duplicate / near-identical,True
2aoboqvxwpbzpxobpcxuqpczrnumiyqiif6apkga228.jpg,keep,Good sample,True
2aoboqvxwpbzpxobpcxuqpczrnumiyqiif6apkga278.jpg,reject-dup,Duplicate / near-identical,True
2aoboqvxwpcoabeorhhosc71ap7hnmwbmrb1tl0c197.jpg,reject-partial,Meter cut off / occluded,True
2aoboqvxwpcoabeorhhosc71ap7hnmwbmrb1tl0c247.jpg,reject-dup,Duplicate / near-identical,True
2aoboqvxwpddfr0m143pbh1vg99qdsdsj7dvhwim193.jpg,keep,Good sample,True
2aoboqvxwpddfr0m143pbh1vg99qdsdsj7dvhwim243.jpg,reject-dup,Duplicate / near-identical,True
2aoboqvxwpdmv0qhqvfcar6jdsqw7y7yr1w8rxre226.jpg,reject-blur,Blurry,True
2aoboqvxwpdmv0qhqvfcar6jdsqw7y7yr1w8rxre276.jpg,reject-dup,Duplicate / near-identical,True
2aoboqvxwpeixh5dod26zepzyrz1mdrjvucjzarw227.jpg,keep,Good sample,True
2aoboqvxwpeixh5dod26zepzyrz1mdrjvucjzarw277.jpg,reject-dup,Duplicate / near-identical,True
2aoboqvxwph5g1wy7x5fvazeuisyhi2rx1le4iec224.jpg,keep,Good sample,True
2aoboqvxwph5g1wy7x5fvazeuisyhi2rx1le4iec274.jpg,reject-dup,Duplicate / near-identical,True
2aoboqvxwpibn2jadlz18bms6lpo1zb3lqfwl4q0232.jpg,reject-blur,Blurry,True
2aoboqvxwpibn2jadlz18bms6lpo1zb3lqfwl4q0282.jpg,reject-dup,Duplicate / near-identical,True
2aoboqvxwpkxkknuqe0tmpbjnaj6qgjubwk5df4y231.jpg,keep,Good sample,True
2aoboqvxwpkxkknuqe0tmpbjnaj6qgjubwk5df4y281.jpg,reject-dup,Duplicate / near-identical,True
2aoboqvxwpmvisf27tk8hoongyyxluvug9gyj5vi229.jpg,keep,Good sample,True
2aoboqvxwpmvisf27tk8hoongyyxluvug9gyj5vi279.jpg,reject-dup,Duplicate / near-identical,True
2aoboqvxwpqbceouu7rzlmuvwff66ckjdaeud1ha221.jpg,keep,Good sample,True
2aoboqvxwpqbceouu7rzlmuvwff66ckjdaeud1ha271.jpg,reject-dup,Duplicate / near-identical,True
2aoboqvxwpqjg9znx26fa5rwa1z2nhr8e6gb38d2233.jpg,keep,Good sample,True
2aoboqvxwpqjg9znx26fa5rwa1z2nhr8e6gb38d2283.jpg,reject-dup,Duplicate / near-identical,True
2aoboqvxwptwouqigmae61blqfxaawhzie9s7iuu237.jpg,keep,Good sample,True
2aoboqvxwptwouqigmae61blqfxaawhzie9s7iuu287.jpg,reject-dup,Duplicate / near-identical,True
2aoboqvxwpugc6jvfilr8qgfjr3sesb8mj32fagc234.jpg,keep,Good sample,True
2aoboqvxwpugc6jvfilr8qgfjr3sesb8mj32fagc284.jpg,reject-dup,Duplicate / near-identical,True
2aoboqvxwpx8c53azsznl1owm5bocgw8nxl9kuo0235.jpg,keep,Good sample,True
2aoboqvxwpx8c53azsznl1owm5bocgw8nxl9kuo0285.jpg,reject-dup,Duplicate / near-identical,True
2aoboqvxwpxwwito1xjicomnyvks895cjx4tfepc236.jpg,keep,Good sample,True
2aoboqvxwpxwwito1xjicomnyvks895cjx4tfepc286.jpg,reject-dup,Duplicate / near-identical,True
2aoboqvxyphkhybdzw9kxfpahion7dyjpw7bmmtm141.jpg,keep,Good sample,True
2aoboqvxyphkhybdzw9kxfr8rhnneryit041kbtk140.jpg,keep,Good sample,True
2aoboqvxz0mwxwosubmhrkvdyg0duet1dtzxqpfk144.jpg,reject-blur,Blurry,True
2aoboqvxz0og05p93joh0a3fwft47kaorkzceqvy143.jpg,keep,Good sample,True
2aoboqvxz0qmbqjrhfouj4fdht6icwilsuxmitaw145.jpg,keep,Good sample,True
2aoboqvxz0s3cknklaz7bzmhg48qhsozcj0bpyie149.jpg,keep,Good sample,True
2aoboqvxz0tnugodsehcj1s6idmldpieldjn7vca151.jpg,keep,Good sample,True
2aoboqvxz0wwwq8xiqctpzdhigjx2th83fuse3ea147.jpg,keep,Good sample,True
2aoboqvxz12lj3rekrbh3ar8304d12rccj0hnefa146.jpg,keep,Good sample,True
2aoboqvxz12lj3rekrbh3arjubzkopna8jxpblwe153.jpg,keep,Good sample,True
2aoboqvxz13ffxvxkdhftl72lmloywnkkn59mfds150.jpg,keep,Good sample,True
2aoboqvxz18lulveldkvd9onbmc2qicsk5wyinqy152.jpg,keep,Good sample,True
2aoboqvxz18lulveldkvd9oqrafecymrakysfvo0154.jpg,keep,Good sample,True
2aoboqvxz18nvarcgqch3uihta8e4np6ps2bqu0o148.jpg,keep,Good sample,True
2aoboqvxz19lz62vjkrmsdetfku9szoijgklicfs159.jpg,keep,Good sample,True
2aoboqvxz1ao3co77oezurwq5c459k865ajwysdo174.jpg,keep,Good sample,True
2aoboqvxz1cgoe0jhmca0d1xrfvul7od4oitbidc172.jpg,keep,Good sample,True
2aoboqvxz1dd8egfbnibsxcoqmktufrscdajf9ty156.jpg,keep,Good sample,True
2aoboqvxz1e9a5cvrkzkwo9t7ersbehysjg14532168.jpg,keep,Good sample,True
2aoboqvxz1gjjz4bwmlhza42kuzwp8u8cryekeiw158.jpg,keep,Good sample,True
2aoboqvxz1hzdz7ueobwy8lmxzxupsq9vv0g3dmm157.jpg,keep,Good sample,True
2aoboqvxz1i9htfamviodbi1fzc0ljkzcpfnk9vg171.jpg,reject-blur,Blurry,True
2aoboqvxz1jic0d0czbnjckljgnrsgyczixgf0dc155.jpg,keep,Good sample,True
2aoboqvxz1k45p6pjr3wkeoh1c5p4zumyh7chqs4160.jpg,reject-other,Other problem,True
2aoboqvxz1khpirovqxev64himpxluzmfzpwjm5a173.jpg,keep,Good sample,True
2aoboqvxz1knxydrl6334vzka3ei4kasjqe8c1he162.jpg,keep,Good sample,True
2aoboqvxz1lnwioqbf0a8xehglqji2ygti7mp5n6177.jpg,keep,Good sample,True
2aoboqvxz1ns36rbyzq3cvst8k8wsbzm7f8e8l1e164.jpg,keep,Good sample,True
2aoboqvxz1ns36rbyzq3cvtbpnfko96y7abthvck163.jpg,keep,Good sample,True
2aoboqvxz1od5sbiqbwkunu8b6nhkshmviuspdpk176.jpg,keep,Good sample,True
2aoboqvxz1ozpto0cjzuozfikpt6gqmepouka3rg161.jpg,keep,Good sample,True
2aoboqvxz1qfabzr0zogoka8ruocm8nkd2a4pkym175.jpg,keep,Good sample,True
2aoboqvxz1rnjgb5tlf9cdgpeyoiw8t5pvv6zua0165.jpg,keep,Good sample,True
2aoboqvxz1smbw3jeuyu6paantyj9wmeawbtdacy179.jpg,keep,Good sample,True
2aoboqvxz1socl07a7qfxa3j29m6edlvgqbkpnyu180.jpg,keep,Good sample,True
2aoboqvxz1u1y6ghab42jqvhoimhikmp2il7iurq166.jpg,keep,Good sample,True
2aoboqvxz1uxamvd7sqwie9dq9ovv6ih6bcozzcc170.jpg,keep,Good sample,True
2aoboqvxz1vqgdrtsoluep3ij8tqr64lcsfkavly181.jpg,keep,Good sample,True
2aoboqvxz1xmjwivmpmhuundfe0gxtnz6g6ihg00169.jpg,keep,Good sample,True
2aoboqvxz1xsmcxquwilssu4gkuinuq6ylddujk4167.jpg,keep,Good sample,True
2aoboqvxz21m0i2iskkkhigobcgk6c2mpllxb7w0178.jpg,keep,Good sample,True
2aoboqvxz22tnuzxwutltmujojib7cux6qghq2qi188.jpg,keep,Good sample,True
2aoboqvxz24zu5fnjmpzvmfftmnwq15ck5v9uwwe189.jpg,reject-blur,Blurry,True
2aoboqvxz25cpejrn6p3qkhto1lokpo47vyg5wck187.jpg,keep,Good sample,True
2aoboqvxz28kfvi1wqieg0htjichxebz6sbofsx6186.jpg,reject-partial,Meter cut off / occluded,True
2aoboqvxz29j4spv6cz0mr3xuwcmdubqqmnkapsw182.jpg,keep,Good sample,True
2aoboqvxz29r7y0o9wngb9hhukq5orfao8cyavtc185.jpg,keep,Good sample,True
2aoboqvxz2asnkufevwexuwwexvde1llenhy9vv2183.jpg,reject-dark,Too dark / unreadable,True
2aoboqvxz2baa7ruifg5jz9rcxocbtr63rku5j3y142.jpg,keep,Good sample,True
2aoboqvxz2blzbndhq0wfxlzzkk0mrxofpuprxgc184.jpg,keep,Good sample,True
2aoboqvxzgqevlylhhmmgv2nvq2v2sol3bpliaeq89.jpg,keep,Good sample,True
2aoboqvxzielhvyj4cqo4xd4co90dnjldnpdmd2g41.jpg,keep,Good sample,True
2aoboqvxzignmewrezsjyun67w0ad6canjwf1mky43.jpg,keep,Good sample,True
2aoboqvxziixzqjhvpxfp1hjayl25ejqao7yj8nc48.jpg,keep,Good sample,True
2aoboqvxzilefvlh7sekmzplptgzuvuvod9vgdxc42.jpg,keep,Good sample,True
2aoboqvxziokqpjdsrhq3cnmtjecxdn5eqdzgjuw44.jpg,keep,Good sample,True
2aoboqvxziostuuwvlw5rvetymcbxf2sri5zdneq49.jpg,reject-blur,Blurry,True
2aoboqvxzisx8ktmk5drngl5eirgfbo7wrjobunw50.jpg,keep,Good sample,True
2aoboqvxziszz9qafi63dbf3xo5he0zlcr9ky0ky51.jpg,keep,Good sample,True
2aoboqvxziv7gycnxmut5w1ez2xxxj3dynts0h0q53.jpg,reject-blur,Blurry,True
2aoboqvxzivptlzd1wduhacwhplrehag5ohawofm52.jpg,keep,Good sample,True
2aoboqvxzj10znrfsw17i4ifmtxvwwzmtzmvsdtw55.jpg,keep,Good sample,True
2aoboqvxzj10znrfsw17i4ni3rtm8ppqwtn2jze047.jpg,keep,Good sample,True
2aoboqvxzj1aj5dbtlvt5qnfyrtykyiysmv7xjfm46.jpg,keep,Good sample,True
2aoboqvxzj4e3b4kjxgmvimj5o2y6ouj29vjadtw56.jpg,keep,Good sample,True
2aoboqvxzj538qqijk2nenbxmwll0ld28ksrxzls58.jpg,keep,Good sample,True
2aoboqvxzj7iyisuxrtn3iiwcdnzyu4p7tadw8a454.jpg,keep,Good sample,True
2aoboqvxzj8gbo3nalissqogqkxeqzdw7yehkvos59.jpg,keep,Good sample,True
2aoboqvxzjavgdjphbxlze1lzczzeumgtufwemiu62.jpg,keep,Good sample,True
2aoboqvxzjbremkvmavwfjzobedmm1lxhadjcwrg57.jpg,keep,Good sample,True
2aoboqvxzjcoqpcw9ozbbitgdksikqtvqe2bgpk075.jpg,keep,Good sample,True
2aoboqvxzjetifbrerqkxobebckq9uwzzqqo87re60.jpg,keep,Good sample,True
2aoboqvxzjfel1mow3x2fgzxxtd4p195dednscsw78.jpg,keep,Good sample,True
2aoboqvxzjheovnjbe6misj7azhlws9f5o5euike79.jpg,keep,Good sample,True
2aoboqvxzji80mghe8b4qvu9mgrqxzuyfwvh0gei80.jpg,reject-blur,Blurry,True
2aoboqvxzjilmy3dwilyp3bntf4ezdlotbam7bbs61.jpg,keep,Good sample,True
2aoboqvxzjjvuzzingnrg0rdcpi1gz604xlrcbmi81.jpg,keep,Good sample,True
2aoboqvxzjjxamzvlc3wodvwcggiaatvgcqnjqnk77.jpg,keep,Good sample,True
2aoboqvxzjk4p7tu5qnxxt8lw6l4cyzgaukhylf665.jpg,reject-blur,Blurry,True
2aoboqvxzjlsiunlfp0knou3osokk6zkcuxawieq69.jpg,keep,Good sample,True
2aoboqvxzjmlum5thtv2vrehn6jv9rslce2prpyk66.jpg,keep,Good sample,True
2aoboqvxzjpzo9iyyvai94olflv5alijax9kbrsk68.jpg,reject-other,Other problem,True
2aoboqvxzjq9stqf72hzo8jvoq4lu3zlastam4ku67.jpg,reject-blur,Blurry,True
2aoboqvxzjqncmm3t1lhyzybdrugzqqhje56cm5i82.jpg,keep,Good sample,True
2aoboqvxzjqncmm3t1lhyzz2vykwld5lyyjvbwaw83.jpg,keep,Good sample,True
2aoboqvxzjrwac53u36psm39xs8oregsj4etek5284.jpg,reject-blur,Blurry,True
2aoboqvxzjsdbwfi0vean8hctqmvwbjgbnajnvyk85.jpg,reject-dark,Too dark / unreadable,True
2aoboqvxzjsq75jm3pddswh6bekwxmegifntrvlq86.jpg,reject-blur,Blurry,True
2aoboqvxzjsygarmohbeih6w4ybi4599ohov7vvu70.jpg,keep,Good sample,True
2aoboqvxzjtqxhwiqyrx9of8yjb59pjnrslunhfs71.jpg,keep,Good sample,True
2aoboqvxzjuvtfwjz5imvxy3ajisqr2isso6o55c64.jpg,keep,Good sample,True
2aoboqvxzjuz5xfi1zn4dahhpzwxdnjxhacthtp263.jpg,keep,Good sample,True
2aoboqvxzjwv6xfcpq75fa8nqatra5oxwuzmknho88.jpg,keep,Good sample,True
2aoboqvxzjxvx9rim9lows7gdfj69wef5ow1bsx272.jpg,keep,Good sample,True
2aoboqvxzjye8h5syyzuopenviiq4qy34kvb8teu74.jpg,keep,Good sample,True
2aoboqvxzjyibahiqipdpca35arwztyfxhzzhi2c73.jpg,keep,Good sample,True
2aoboqvxzjyxbgcuadz1z6nbgkt0gqirrgeedetu76.jpg,keep,Good sample,True
2aoboqvxzjzlvu2hciiw0toymmoe8ztmhtrpeeum87.jpg,keep,Good sample,True
2aoboqvxzk105zacl10xsdrpuxv7s7wkb0titqgu45.jpg,keep,Good sample,True
2aoboqvxzndwzqdamjdvcmanufqwphwi0iae6xh296.jpg,keep,Good sample,True
2aoboqvxznfm906otn6naus115kf6mg3vvodc1ku92.jpg,keep,Good sample,True
2aoboqvxznja6hraivsutbzaisbp71yzm4pg1wck98.jpg,keep,Good sample,True
2aoboqvxznja6hraivsutbzdylslx8mfubmijjju93.jpg,keep,Good sample,True
2aoboqvxznlolx7bzlhnap91iwtym7kcdmughyzg91.jpg,keep,Good sample,True
2aoboqvxznm47v7dyiz2wyqrjjg2fbhv4kk6pbem100.jpg,keep,Good sample,True
2aoboqvxznt37kj79g93cyicpwxglwfh0lgzn4sk99.jpg,keep,Good sample,True
2aoboqvxznt5yzfuet1f2t9xbiyra5f3bdwpmfny97.jpg,reject-blur,Blurry,True
2aoboqvxzntzvtkdef7dsdni0mkvxmfmypuxrvii101.jpg,keep,Good sample,True
2aoboqvxznxay1av03v6pwxvhw6iqfle5jrvk0fu104.jpg,keep,Good sample,True
2aoboqvxznxay1av03v6pwy0vhve1eg0dikqrn9c106.jpg,keep,Good sample,True
2aoboqvxznzkhvsbv673sivpixicbykk8hjp61ng95.jpg,keep,Good sample,True
2aoboqvxzo42fong5osxyvgfwakmn7rha5egvu00103.jpg,reject-blur,Blurry,True
2aoboqvxzo42fong5osxyvgqpzhv0wifjn3qymmo107.jpg,keep,Good sample,True
2aoboqvxzo7iv2stov2uuc4yihwdn1uosq9zzrnw110.jpg,keep,Good sample,True
2aoboqvxzo7iv2stov2uuc4zjtdalqrlegqwshv6102.jpg,keep,Good sample,True
2aoboqvxzoaebd99ccyiwbavexhadvqf6my86mbw108.jpg,keep,Good sample,True
2aoboqvxzoaebd99ccyiwbxmtr1cxtzhv9nnvsqs111.jpg,keep,Good sample,True
2aoboqvxzocspqvt3n2baexlc1pa1fvkudiwt5x6123.jpg,keep,Good sample,True
2aoboqvxzocspqvt3n2baf5ooi4czavvoxuuf9cm126.jpg,keep,Good sample,True
2aoboqvxzocspqvt3n2baf7gf8k6e9eblirqirgy128.jpg,keep,Good sample,True
2aoboqvxzodnyopeq6w6kremm6vsqswu2qdowqac105.jpg,keep,Good sample,True
2aoboqvxzodnyopeq6w6krfmlodsh565xemblriq112.jpg,keep,Good sample,True
2aoboqvxzodnyopeq6w6kriraqljihcgfyunsjtc109.jpg,keep,Good sample,True
2aoboqvxzodvkzzx771efdrgrncckv5n6cy5wb4q129.jpg,keep,Good sample,True
2aoboqvxzoeu5pcgvuzsoim75jiiu176ym8w5aww114.jpg,keep,Good sample,True
2aoboqvxzoeu5pcgvuzsoinhouu1inndnncv050y113.jpg,keep,Good sample,True
2aoboqvxzohckqrkxunij1iemczxgzlt8nptgklu130.jpg,keep,Good sample,True
2aoboqvxzohfbfo8t7fu9mygcgflgvfwbdcdrob2131.jpg,keep,Good sample,True
2aoboqvxzohoux9etxafwi871yntziksx8wvtrqs132.jpg,keep,Good sample,True
2aoboqvxzojeux3ibqd7uqs8or1fczaugpkb1ri4133.jpg,keep,Good sample,True
2aoboqvxzolgavjg3yap8togotydjdl98kfjtega117.jpg,reject-dark,Too dark / unreadable,True
2aoboqvxzolgavjg3yap8twbxhf2uf5hjuc2npoe115.jpg,keep,Good sample,True
2aoboqvxzolt9miuigs123bs032w3tj8msujynaa134.jpg,keep,Good sample,True
2aoboqvxzomr99z39mo8t0mbht3xzqps9wafzgn2120.jpg,keep,Good sample,True
2aoboqvxzonqmrnrse9zeuyqusb2x8kbzm4brzny135.jpg,keep,Good sample,True
2aoboqvxzoppazezajtdjto2xvv5yyqidwtnd2ho127.jpg,keep,Good sample,True
2aoboqvxzoqs20nt2fzir6gor7shwhzcs20bfdsk116.jpg,keep,Good sample,True
2aoboqvxzoqs20nt2fzir6jj8vdvwooyerrz8nak119.jpg,keep,Good sample,True
2aoboqvxzoquspkgxsruhr9dpnt95tiforu7leri121.jpg,keep,Good sample,True
2aoboqvxzoquspkgxsruhrcigqnrr8b6gtwb4y6i118.jpg,keep,Good sample,True
2aoboqvxzosgkxyeutham4xhiazuuemods3qvhqy125.jpg,keep,Good sample,True
2aoboqvxzot9wphcwxlsu7fq6gpqrvo96tjdndqs136.jpg,keep,Good sample,True
2aoboqvxzov9bz1ctsqxrq5geudzjlzfy68larli122.jpg,keep,Good sample,True
2aoboqvxzovbcnxap5ijiax1yxbnylxa322cud0y124.jpg,reject-nometer,Not a meter,True
2aoboqvxzovjjb43dnpxuf2jsuw2fuxfobonm52m138.jpg,keep,Good sample,True
2aoboqvxzoxhmg90nlxw7vty30z2bbbjx4vrf5li137.jpg,reject-blur,Blurry,True
2aoboqvxzoxpqbkjqfmbweudmydc437khhgobjwc139.jpg,keep,Good sample,True
2aoboqvxzoygbdgunxoidwmdmlvlroetiiyqrcey90.jpg,keep,Good sample,True
2aoboqvxzozibcww0djmsphc2cxpbfzz3sfz7h2e94.jpg,keep,Good sample,True
2aoboqvxzwhd0xlzlgufitegdx31iaiedeiqhyua40.jpg,keep,Good sample,True
